dob,firstName,height,id,lastName,nickname,positionGroupType
2004-10-21,Bradley,185.0,24507,Ibrahim,Bradley Ibrahim,DM
2005-07-19,Ty,,25309,Barnett,Ty Barnett,LW
2005-01-20,Enso,169.0,16280,González,Enso González,LW
2003-10-19,Joe,188.0,24589,Hugill,Joe Hugill,CF
2003-09-03,Ben,190.0,24565,Jackson,Ben Jackson,RCB
2001-06-17,Jurrien,179.0,8022,Timber,Jurrien Timber,RCB
2002-08-09,Owen,177.0,6775,Beck,Owen Beck,LB
2006-05-25,Billy,,27749,Blacker,Billy Blacker,LW
2003-12-02,Michael,,24564,Ndiweni,Michael Ndiweni,CF
2002-10-10,Owen,180.0,25310,Hesketh,Owen Hesketh,AM
2003-02-05,Imari,187.0,8261,Samuels,Imari Samuels,LB
2003-10-29,Matthew,183.0,18782,Dibley-Dias,Matthew Dibley-Dias,CM
2004-08-06,Diego,179.0,11857,Moreira,Diego Moreira,LW
2003-04-12,Levi,188.0,25340,Laing,Levi Laing,RCB
2004-10-07,Kaden,,13362,Rodney,Kaden Rodney,DM
1999-10-15,Ellery,190.0,7819,Balcombe,Ellery Balcombe,GK
1998-07-04,Allan,174.0,7247,Campbell,Allan Campbell,CM
2003-10-24,Radek,198.0,22759,Vítek,Radek Vítek,GK
2004-01-03,Devan,175.0,24425,Tanton,Devan Tanton,RB
2003-11-03,James,180.0,27724,Sweet,James Sweet,RB
2002-11-20,Dermot,183.0,29552,Mee,Dermot Mee,GK
2002-12-20,Marcelo,193.0,6893,Pitaluga,Marcelo,GK
2003-11-14,Tayo,,7677,Adaramola,Tayo Adaramola,LB
2006-05-05,Josh,185.0,29591,Acheampong,Josh Acheampong,RB
2006-01-10,Leon,186.0,29553,Chiwome,Leon Chiwome,CF
2003-01-02,CJ,183.0,6887,Egan-Riley,CJ Egan-Riley,D
2002-05-26,Maxime,193.0,4519,Esteve,Maxime Esteve,LCB
2003-03-23,Álvaro,186.0,7860,Carreras,Álvaro Carreras,LB
1999-07-23,John,180.0,11051,Mcatee,John Mcatee,CF
2004-06-24,Luke,181.0,10670,Chambers,Luke Chambers,LB
2004-12-15,Joshua,,24403,Duffus,Joshua Duffus,AM
2004-02-16,Jamie,,26445,McDonnell,Jamie McDonnell,CM
2004-01-03,Toby,180.0,28531,Collyer,Toby Collyer,DM
2006-01-16,Jayden,,28518,Danns,Jayden Danns,CF
2005-02-14,Calum,,24324,Scanlon,Calum Scanlon,LB
1992-08-28,Ui-jo,185.0,4280,Hwang,Ui-jo Hwang,CF
2004-07-02,Aidan,,8272,Francis-Clarke,Aidan Francis-Clarke,M
2004-07-24,Charles,,24487,Sagoe Jr,Charles Sagoe Jr,LW
1995-03-09,Tom,194.0,10434,King,Tom King,GK
2006-11-18,Amara,,29578,Nallo,Amara Nallo,RCB
2002-11-24,Jay,187.0,1992,Stansfield,Jay Stansfield,CF
2003-10-16,Louie,186.0,15619,Marsh,Louie Marsh,CF
2003-02-15,Amadou,,24530,Diallo,Amadou Diallo,LW
2005-08-20,Leo,175.0,24907,Castledine,Leo Castledine,AM
2004-10-28,Kaelan,185.0,16861,Casey,Kaelan Casey,RCB
2003-12-07,Kristian,185.0,13899,Sekularac,Kristian Sekularac,AM
2004-03-24,Dane,180.0,2137,Scarlett,Dane Scarlett,CF
1994-04-13,Daniel,173.0,7270,Potts,Daniel Potts,LB
2003-06-28,Brandon,179.0,13790,Aguilera,Brandon Aguilera,AM
2003-09-12,Vincent,190.0,6830,Angelini,Vincent Angelini,GK
2004-12-12,Luca,,24906,Barrington,Luca Barrington,LW
2003-11-13,Micah,177.0,24394,Hamilton,Micah Hamilton,AM
2003-09-28,Fabian,192.0,24081,Mrozek,Fabian Mrozek,GK
2004-10-05,Kaide,173.0,6776,Gordon,Kaide Gordon,F
2004-09-13,Sydie,173.0,24921,Peck,Sydie Peck,CM
2007-03-21,Ethan,165.0,13578,Nwaneri,Ethan Nwaneri,CM
2002-12-28,Thomas,180.0,13886,Cannon,Thomas Cannon,CF
2006-01-09,Joseph,172.0,18699,Johnson,Joseph Johnson,LB
2005-09-25,Omari,,8252,Kellyman,Omari Kellyman,F
1993-11-19,Lawrence,194.0,10759,Vigouroux,Lawrence Vigouroux,GK
2004-09-06,Jenson,183.0,25251,Metcalfe,Jenson Metcalfe,CM
2003-09-03,Ademola,195.0,24022,Ola-Adebomi,Ademola Ola-Adebomi,CF
2000-07-06,Michael,170.0,404,Obafemi,Michael Obafemi,CF
2004-09-21,Detlef Esapa,,26447,Osong,Detlef Esapa Osong,CF
2005-05-28,Benjamin,187.0,26968,Fredrick,Benjamin Fredrick,RCB
2003-11-18,Mauro,178.0,18854,Bandeira,Mauro Bandeira,CM
2006-06-05,Ishé,178.0,18589,Samuels-Smith,Ishé Samuels-Smith,LB
2004-07-23,Valentín,170.0,18624,Barco,Valentín Barco,LB
2005-11-12,Habeeb,,29334,Ogunneye,Habeeb Ogunneye,RB
2003-10-30,Rhys,187.0,14073,Bennett,Rhys Bennett,RCB
2003-08-04,Mason,187.0,22076,Burstow,Mason Burstow,CF
2003-02-20,Ben,,15627,Greenwood,Ben Greenwood,LB
2003-08-09,Jili,182.0,13725,Buyabu,Jili Buyabu,LB
2007-01-03,Joshua,,27004,King,Joshua King,CM
2005-09-21,Jacob,178.0,27300,Wright,Jacob Wright,CM
2007-06-30,Trey,,24539,Nyoni,Trey Nyoni,AM
2005-10-13,Dominic,,29596,Martins,Dominic Martins,DM
2003-02-13,John-Kymani,181.0,13617,Gordon,John-Kymani Gordon,CF
2004-10-21,Matthew,,24633,Whittingham,Matthew Whittingham,CM
2003-05-19,Malo,178.0,3921,Gusto,Malo Gusto,RB
1992-10-20,John,185.0,514,Egan,John Egan,RCB
2002-02-08,Jaden,181.0,3090,Philogene-Bidace,Jaden Philogene-Bidace,LW
2000-02-01,Gavin,175.0,6995,Kilkenny,Gavin Kilkenny,CM
2004-03-20,Antwoine,177.0,2119,Hackford,Antwoine Hackford,CF
2005-01-06,Ronnie,,23573,Stutter,Ronnie Stutter,CF
2004-08-25,Willy,192.0,25274,Kambwala,Willy Kambwala,RCB
2005-06-06,Joe,,26446,Gardner,Joe Gardner,RW
2006-02-18,Lewis,,24626,Orford,Lewis Orford,CM
2005-02-02,Maxwell,,15628,Kinsey-Wellings,Maxwell Kinsey-Wellings,RCB
2005-06-17,Noha,168.0,23367,Lemina,Noha Lemina,AM
2003-03-15,Bashir,186.0,14072,Humphreys,Bashir Humphreys,LCB
2003-01-07,Maximo,177.0,15652,Perrone,Maximo Perrone,DM
2000-05-08,Sandro,181.0,8587,Tonali,Sandro Tonali,DM
2003-08-21,Alex,178.0,7190,Scott,Alex Scott,CM
2005-03-31,Axel,,29302,Piesold,Axel Piesold,CM
2002-06-23,Andrew,188.0,5101,Omobamidele,Andrew Omobamidele,RCB
1998-09-08,Steven,180.0,454,Alzate,Steven Alzate,CM
1995-03-09,Emiliano,182.0,6999,Marcondes,Emiliano Marcondes,AM
2000-11-07,Anass,176.0,13560,Zaroury,Anass Zaroury,LW
2000-12-25,Ismaila,183.0,9285,Coulibaly,Ismaila Coulibaly,M
2003-10-15,Jadan,,24104,Raymond,Jadan Raymond,AM
2004-05-03,Andrey,180.0,18430,Santos,Andrey Santos,DM
2005-06-05,Deivid,187.0,18305,Washington,Deivid Washington,CF
2003-02-14,Val,,24449,Adedokun,Val Adedokun,LB
2003-09-14,Justin,187.0,24634,Hubner,Justin Hubner,LCB
2005-01-14,Mark,,24538,O’Mahony,Mark O’Mahony,CF
2000-06-08,Joseph,190.0,13299,Anang,Joseph Anang,GK
2006-09-26,Myles,178.0,24620,Lewis-Skelly,Myles Lewis-Skelly,DM
2004-06-25,Alex,,24529,Murphy,Alex Murphy,LCB
1996-01-18,Ivo,195.0,5199,Grbic,Ivo Grbic,GK
2000-07-04,Joe,194.0,27140,Gauci,Joe Gauci,GK
1991-08-24,John,169.0,527,Fleck,John Fleck,CM
1999-05-17,Daiki,184.0,20212,Hashioka,Daiki Hashioka,RB
2004-01-06,Romeo,181.0,6134,Lavia,Romeo Lavia,DM
1998-06-28,Nicolas,179.0,12746,Dominguez,Nicolas Dominguez,CM
2000-05-19,Jordan,187.0,4696,Beyer,Jordan Beyer,RCB
1993-09-01,Jack,180.0,521,Robinson,Jack Robinson,LCB
1998-02-07,Igor Julio,188.0,12577,dos Santos de Paulo,Igor,LCB
2004-02-06,Adam,182.0,9332,Wharton,Adam Wharton,CM
2006-06-26,Ryan,,24353,One,Ryan One,CF
1994-05-05,Amari'i,180.0,7249,Bell,Amari'i Bell,LB
2000-01-26,Nuno,183.0,5044,Tavares,Nuno Tavares,LB
2002-08-18,Bart,194.0,21495,Verbruggen,Bart Verbruggen,GK
2002-09-01,Josh,,24063,Brooking,Josh Brooking,RCB
1988-07-20,Chris,190.0,516,Basham,Chris Basham,RCB
2003-07-12,Oscar,175.0,22772,Bobb,Oscar Bobb,RW
2005-04-30,Jayden,,24333,Luker,Jayden Luker,CM
2005-10-12,Luc,180.0,24382,De Fougerolles,Luc De Fougerolles,RB
1994-08-02,Emil,184.0,329,Krafth,Emil Krafth,RB
2004-08-02,Elijah,182.0,25250,Campbell,Elijah Campbell,RCB
1994-04-26,Odysseas,191.0,7991,Vlachodimos,Odysseas Vlachodimos,GK
1997-11-14,Christopher,177.0,4909,Nkunku,Christopher Nkunku,AM
2002-01-23,Josko,185.0,4892,Gvardiol,Josko Gvardiol,LCB
1998-03-11,Axel,190.0,3878,Disasi,Axel Disasi,RCB
1999-04-22,Rhys,181.0,7273,Norrington-Davies,Rhys Norrington-Davies,LB
2005-01-20,Mahamadou,175.0,24951,Susoho,Mahamadou Susoho,DM
2004-11-28,Callum,172.0,26478,Marshall,Callum Marshall,CF
2005-11-04,Travis,,19209,Hernes,Travis Hernes,M
2004-07-20,Omari,179.0,23953,Forson,Omari Forson,RW
2001-07-07,Han-Noah,178.0,7197,Massengo,Han-Noah Massengo,DM
2005-02-22,Nathan,188.0,13771,Fraser,Nathan Fraser,CF
1997-01-03,Fode,182.0,8584,Ballo-Toure,Fode Ballo-Toure,LB
,Wesley,,29286,Okoduwa,Wesley Okoduwa,RB
2005-09-19,Lewis,,24955,Koumas,Lewis Koumas,CF
2002-11-04,Luke,178.0,7114,Plange,Luke Plange,CF
2000-04-01,Rhian,180.0,1959,Brewster,Rhian Brewster,CF
2005-04-28,Rodrigo,185.0,8087,Ribeiro,Rodrigo Ribeiro,CF
1998-10-23,Josh,184.0,5061,Dasilva,Josh Dasilva,CM
1996-06-04,Oliver,188.0,536,McBurnie,Oliver McBurnie,CF
1987-01-24,Wayne,198.0,462,Hennessey,Wayne Hennessey,GK
1995-09-23,Connor,175.0,6018,Roberts,Connor Roberts,RB
1995-06-09,Ethan,195.0,7015,Horvath,Ethan Horvath,GK
2004-01-03,Carlos,179.0,7803,Baleba,Carlos Baleba,DM
1997-12-02,Ibrahim,191.0,11088,Sangare,Ibrahim Sangare,DM
1991-04-12,Oliver,175.0,528,Norwood,Oliver Norwood,CM
1994-12-03,Tom,185.0,7654,Lockyer,Tom Lockyer,RCB
1996-10-08,Ola,184.0,2053,Aina,Ola Aina,RB
1993-03-09,George,178.0,522,Baldock,George Baldock,RB
2003-04-24,Filip,195.0,6886,Marshall,Filip Marshall,GK
2003-09-19,Alejo,186.0,14728,Véliz,Alejo Véliz,F
2000-08-02,Mohammed,177.0,8031,Kudus,Mohammed Kudus,AM
1993-07-30,André,188.0,185,Gomes,André Gomes,CM
1994-10-25,Jefferson,179.0,295,Lerma,Jefferson Lerma,DM
1999-05-05,Justin,172.0,4047,Kluivert,Justin Kluivert,LW
2003-11-23,Ethan,168.0,10865,Brierley,Ethan Brierley,CM
2002-04-30,Teden,186.0,5151,Mengi,Teden Mengi,RCB
1992-02-26,Matz,188.0,4228,Sels,Matz Sels,GK
2004-12-24,Ji-soo,192.0,24094,Kim,Ji-soo Kim,RCB
1996-05-26,Daniel,181.0,19938,Muñoz,Daniel Muñoz,RB
1991-04-11,Thiago,174.0,1893,Alcántara do Nascimento,Thiago,CM
2002-07-11,Amad,173.0,2123,Diallo,Amad Diallo,RW
1995-04-19,Kevin,184.0,4994,Mbabu,Kevin Mbabu,RB
1997-05-14,Ruben,187.0,2066,Dias,Ruben Dias,RCB
2004-10-22,Stefan,185.0,10671,Bajcetic,Stefan Bajcetic,DM
1993-03-15,Diego,185.0,1788,Carlos,Diego Carlos,RCB
1999-06-24,Darwin,187.0,8009,Nunez,Darwin Nunez,CF
1999-09-13,Pedro,173.0,8074,Porro,Pedro Porro,RB
1989-09-21,Ben,180.0,490,Mee,Ben Mee,LCB
2002-09-23,Cameron,175.0,18746,Peupion,Cameron Peupion,AM
2004-12-16,Reuell,183.0,18202,Walters,Reuell Walters,RCB
1997-03-28,Benson,166.0,10680,Manuel,Benson Manuel,RW
1997-12-27,Mads,194.0,7035,Andersen,Mads Andersen,RCB
2002-01-10,James,184.0,7272,Hill,James Hill,RCB
2003-03-04,Tyler,190.0,6063,Onyango,Tyler Onyango,CM
1998-11-05,Takehiro,188.0,2087,Tomiyasu,Takehiro Tomiyasu,RB
2005-06-26,Ashley,192.0,10686,Phillips,Ashley Phillips,RCB
2001-08-20,Boubacar,183.0,4157,Traoré,Boubacar Traoré,DM
1999-10-08,Dorde,194.0,7866,Petrovic,Djordje Petrovic,GK
1997-11-21,Ryan,190.0,7001,Yates,Ryan Yates,CM
2002-11-30,Bénie,172.0,21499,Traoré,Bénie Traoré,CF
2003-10-09,Eddie,196.0,23256,Beach,Eddie Beach,GK
1995-08-03,Charlie,196.0,5055,Goode,Charlie Goode,RCB
1999-03-26,Anel,190.0,7578,Ahmedhodzic,Anel Ahmedhodzic,RCB
1988-01-03,Jonny,188.0,204,Evans,Jonny Evans,RCB
1999-07-07,Moussa,171.0,4595,Diaby,Moussa Diaby,RW
2003-07-09,Conor,181.0,6774,Bradley,Conor Bradley,RB
2003-04-15,Yago,180.0,18946,Alonso,Yago Alonso,AM
1997-02-03,Lewis,175.0,296,Cook,Lewis Cook,CM
1998-04-14,Altay,198.0,11931,Bayindir,Altay Bayindir,GK
2003-01-21,Aaron,181.0,5975,Ramsey,Aaron Ramsey,AM
1995-12-16,Carlton,185.0,567,Morris,Carlton Morris,CF
2000-02-15,Jakub,189.0,12820,Kiwior,Jakub Kiwior,LCB
2004-03-01,Yegor,180.0,13749,Yarmolyuk,Yegor Yarmolyuk,AM
2000-09-03,Lyle,185.0,15620,Foster,Lyle Foster,CF
2003-01-03,Lewis,175.0,6571,Dobbin,Lewis Dobbin,LW
1999-11-23,Boubacar,184.0,3977,Kamara,Boubacar Kamara,DM
1999-12-04,Tahith,185.0,139,Chong,Tahith Chong,AM
2002-11-13,Giovanni,185.0,4681,Reyna,Giovanni Reyna,AM
1993-09-22,Jordan,183.0,7252,Clark,Jordan Clark,CM
2004-01-08,Oliver,180.0,8201,Arblaster,Oliver Arblaster,M
2002-10-23,Kaine,175.0,607,Kesler,Kaine Kesler,RB
2005-01-26,Franco,,27766,Umeh-Chibueze,Franco Umeh-Chibueze,RW
2003-10-11,Tawanda,181.0,24632,Chirewa,Tawanda Chirewa,AM
1992-09-02,Emiliano,195.0,144,Martínez,Emiliano Martínez,GK
1999-04-18,Ben,185.0,7335,Brereton,Ben Brereton,LW
2005-10-09,Benjamin,,29556,Arthur,Benjamin Arthur,RCB
2005-12-01,Sam,185.0,28548,Curtis,Sam Curtis,RB
1997-03-12,Dean,188.0,509,Henderson,Dean Henderson,GK
2004-09-05,George,,29048,Earthy,George Earthy,CM
1993-07-13,Daniel,193.0,7201,Bentley,Daniel Bentley,GK
1995-12-05,Anthony,181.0,140,Martial,Anthony Martial,CF
2001-06-11,Billy,170.0,103,Gilmour,Billy Gilmour,DM
1991-06-16,James,,7243,Shea,James Shea,GK
2000-03-25,Conor,177.0,610,Coventry,Conor Coventry,DM
1991-09-26,Paul,183.0,321,Dummett,Paul Dummett,LCB
1987-05-12,Darren,187.0,255,Randolph,Darren Randolph,GK
2005-05-06,David,,14097,Ozoh,David Ozoh,DM
1999-02-14,Tyler,175.0,1339,Adams,Tyler Adams,DM
1994-05-05,Javier,178.0,330,Manquillo,Javier Manquillo,RB
1988-08-09,Willian,175.0,109,Borges da Silva,Willian,LW
1999-12-08,Reece,180.0,97,James,Reece James,RB
1994-05-27,Aymeric,189.0,9,Laporte,Aymeric Laporte,D
2001-03-13,James,182.0,5152,Garner,James Garner,DM
1994-03-03,Jonny,175.0,235,Otto,Jonny Otto,M
1998-01-01,Frank,183.0,5064,Onyeka,Frank Onyeka,CM
2005-11-11,Ben,173.0,13887,Doak,Ben Doak,RW
1992-07-11,Mohamed,179.0,1898,Elneny,Mohamed Elneny,DM
2001-02-11,Bryan,175.0,1805,Gil,Bryan Gil,RW
1999-05-29,Vitaliy,180.0,7072,Mykolenko,Vitaliy Mykolenko,LB
1993-06-08,Álex,179.0,1873,Moreno,Álex Moreno,LB
1997-11-05,Chris,190.0,286,Mepham,Chris Mepham,RCB
2002-02-11,Dango,177.0,4517,Ouattara,Dango Ouattara,RW
2001-11-27,Kevin,185.0,4796,Schade,Kevin Schade,RW
2002-12-22,David Datro,180.0,14236,Fofana,David Datro Fofana,CF
1995-09-20,Rob,189.0,149,Holding,Rob Holding,RCB
2004-12-23,Facundo,174.0,15629,Buonanotte,Facundo Buonanotte,AM
1998-05-10,Vitaly,184.0,5062,Janelt,Vitaly Janelt,DM
1999-08-20,Joe,186.0,160,Willock,Joe Willock,CM
1995-03-25,Carlos,190.0,2068,Vinicius,Carlos Vinicius,CF
2004-12-02,James,188.0,18255,Wright,James Wright,GK
2000-01-08,Cheick,180.0,4213,Doucouré,Cheick Doucouré,DM
1996-10-22,Mason,187.0,174,Holgate,Mason Holgate,RCB
1994-01-15,Eric,188.0,74,Dier,Eric Dier,RCB
1990-05-06,Craig,188.0,410,Dawson,Craig Dawson,RCB
1995-02-27,Tomas,192.0,266,Soucek,Tomas Soucek,DM
1989-02-02,Ivan,186.0,8136,Perisic,Ivan Perisic,M
2003-12-15,Tommi,170.0,7732,O'Reilly,Tommi O'Reilly,M
1993-01-01,Abdoulaye,183.0,420,Doucouré,Abdoulaye Doucouré,CM
1992-12-23,Jeffrey,178.0,477,Schlupp,Jeffrey Schlupp,LM
2003-09-02,Dominic,,14249,Sadi,Dominic Sadi,M
1997-09-24,Tosin,196.0,13,Adarabioyo,Tosin Adarabioyo,RCB
1998-10-14,Lewis,173.0,7172,O'Brien,Lewis O'Brien,CM
1999-01-14,Emerson,183.0,1874,de Souza Junior,Emerson Royal,RB
1993-09-01,Mario,184.0,1978,Lemina,Mario Lemina,DM
1997-06-24,Gustavo,169.0,7696,Hamer,Gustavo Hamer,DM
2004-06-28,Oliwier,193.0,16800,Zych,Oliwier Zych,GK
1996-09-02,Reece,189.0,7246,Burke,Reece Burke,RCB
2004-03-26,Lesley,190.0,4017,Ugochukwu,Lesley Ugochukwu,DM
2002-04-28,Femi,180.0,3196,Seriki,Femi Seriki,RB
1991-08-08,Joel,195.0,39,Matip,Joel Matip,RCB
2002-06-27,Jarrad,195.0,603,Branthwaite,Jarrad Branthwaite,LCB
2001-12-20,Facundo,175.0,2075,Pellistri,Facundo Pellistri,RW
1997-08-27,Lucas,180.0,3930,Paquetá,Lucas Paquetá,AM
1997-01-10,Joe,190.0,7003,Worrall,Joe Worrall,RCB
1997-11-16,Bruno,182.0,3924,Guimarães,Bruno Guimarães,DM
1993-09-18,Charlie,183.0,493,Taylor,Charlie Taylor,LB
2002-06-10,Aaron,185.0,10701,Hickey,Aaron Hickey,RB
1998-04-27,Cristian,185.0,5116,Romero,Cristian Romero,RCB
1999-05-27,Matheus,183.0,4850,Cunha,Matheus Cunha,CF
1998-02-14,Sander,195.0,524,Berge,Sander Berge,DM
1996-12-15,Oleksandr,175.0,15,Zinchenko,Oleksandr Zinchenko,LB
2001-08-16,Amadou,195.0,4498,Onana,Amadou Onana,DM
2002-03-06,Ameen,187.0,14278,Al Dakhil,Ameen Al Dakhil,RCB
1992-12-24,Serge,176.0,72,Aurier,Serge Aurier,RB
1992-04-19,Nick,198.0,485,Pope,Nick Pope,GK
1992-08-22,Vladimir,174.0,2063,Coufal,Vladimir Coufal,RB
2004-07-01,Alejandro,180.0,7832,Garnacho,Alejandro Garnacho,LW
2000-01-04,Max,171.0,550,Aarons,Max Aarons,RB
2002-04-13,Karl,193.0,5158,Hein,Karl Hein,GK
1999-07-02,Nicolò,190.0,12541,Zaniolo,Nicolò Zaniolo,AM
1993-11-16,Nelson,177.0,1516,Semedo,Nelson Semedo,RB
1999-12-31,Calvin,185.0,11468,Bassey,Calvin Bassey,LCB
1993-12-05,Ross,189.0,102,Barkley,Ross Barkley,CM
1996-10-07,Guglielmo,194.0,12785,Vicario,Guglielmo Vicario,GK
1996-05-31,Joachim,192.0,2073,Andersen,Joachim Andersen,RCB
1998-08-12,Auston,190.0,676,Trusty,Auston Trusty,LCB
2002-11-28,Destiny,188.0,12683,Udogie,Destiny Udogie,LB
1997-01-31,Arnaut,178.0,306,Danjuma,Arnaut Danjuma,LW
1999-09-21,Alexander,192.0,1732,Isak,Alexander Isak,CF
2001-01-17,Enzo,178.0,11856,Fernandez,Enzo Fernandez,CM
1999-03-04,Dara,189.0,2031,O'Shea,Dara O'Shea,RCB
2000-10-25,Dominik,187.0,4907,Szoboszlai,Dominik Szoboszlai,CM
1993-05-29,Ethan,194.0,5050,Pinnock,Ethan Pinnock,LCB
2002-07-04,Murillo,184.0,18361,Costa dos Santos,Murillo,LCB
1997-10-24,Edson,190.0,2106,Alvarez,Edson Alvarez,DM
1999-10-22,Albert Sambi,183.0,5045,Lokonga,Albert Sambi Lokonga,CM
1997-10-23,Ezri,183.0,357,Konsa,Ezri Konsa,RCB
1992-11-19,James,185.0,489,Tarkowski,James Tarkowski,RCB
1995-07-09,Joao,190.0,8077,Palhinha,Joao Palhinha,DM
2001-10-17,Tommy,172.0,595,Doyle,Tommy Doyle,CM
2005-01-03,Jamie,,24034,Donley,Jamie Donley,CF
1999-09-01,Tyrick,175.0,581,Mitchell,Tyrick Mitchell,LB
1998-05-09,Douglas,177.0,366,Luiz,Douglas Luiz,CM
1992-10-23,Thomas,190.0,7328,Kaminski,Thomas Kaminski,GK
2003-02-26,Levi,187.0,7170,Colwill,Levi Colwill,LCB
1991-01-14,Wes,185.0,1930,Foderingham,Wes Foderingham,GK
2002-09-01,Ilya,189.0,8355,Zabarnyi,Ilya Zabarnyi,RCB
1997-05-01,Chiedozie,181.0,9280,Ogbene,Chiedozie Ogbene,RW
2003-06-30,Tim,183.0,3258,Iroegbunam,Tim Iroegbunam,CM
1993-06-13,Mark,195.0,4775,Flekken,Mark Flekken,GK
1998-07-14,Romain,180.0,4301,Faivre,Romain Faivre,RM
1999-06-17,Vinicius,187.0,13015,Souza,Vinicius Souza,DM
2002-10-10,James,192.0,6056,Trafford,James Trafford,GK
1992-03-04,Bernd,190.0,143,Leno,Bernd Leno,GK
1992-05-11,Pablo,174.0,3867,Sarabia,Pablo Sarabia,RW
2001-04-19,Micky,193.0,6023,van de Ven,Micky van de Ven,LCB
1991-04-29,Adam,174.0,292,Smith,Adam Smith,RB
2000-06-22,Lorenz,181.0,4011,Assignon,Lorenz Assignon,RB
1998-01-15,Ben,184.0,543,Godfrey,Ben Godfrey,RCB
1991-12-20,Fabian,186.0,320,Schär,Fabian Schär,RCB
1993-02-09,Wataru,178.0,4928,Endo,Wataru Endo,DM
1999-01-14,Declan,188.0,265,Rice,Declan Rice,DM
1989-10-29,Joel,186.0,471,Ward,Joel Ward,RB
2002-07-26,Morgan,187.0,7271,Rogers,Morgan Rogers,LW
1999-03-18,Diogo,183.0,127,Dalot,Diogo Dalot,RB
2002-01-01,Simon,175.0,21496,Adingra,Simon Adingra,LW
2000-01-27,Morgan,178.0,243,Gibbs-White,Morgan Gibbs-White,AM
1999-11-22,Dwight,183.0,502,McNeil,Dwight McNeil,LW
2004-11-28,Wilson,182.0,9840,Odobert,Wilson Odobert,LW
2000-07-27,Jayden,178.0,1929,Bogle,Jayden Bogle,RB
2004-03-08,Jimi,,29285,Tauriainen,Jimi Tauriainen,CM
1996-04-02,Andre,190.0,8018,Onana,Andre Onana,GK
1993-01-17,José,192.0,5131,Sá,José Sá,GK
2003-08-20,Andre,180.0,13559,Brooks,Andre Brooks,LM
1994-08-10,Bernardo,173.0,27,Silva,Bernardo Silva,AM
1993-01-11,Michael,188.0,172,Keane,Michael Keane,RCB
1998-09-19,Jacob Bruun,183.0,4880,Larsen,Jacob Bruun Larsen,LW
1994-08-05,Ben,176.0,529,Osborn,Ben Osborn,CM
1999-12-21,Alfie,183.0,6943,Doughty,Alfie Doughty,LM
2002-07-19,Fabio,185.0,1905,Silva,Fabio Silva,CF
1996-08-14,Joelinton,186.0,346,Cássio Apolinário de Lira,Joelinton,CM
2000-11-07,Callum,178.0,108,Hudson-Odoi,Callum Hudson-Odoi,LW
1994-10-18,John,178.0,367,McGinn,John McGinn,CM
1995-09-10,Jack,180.0,371,Grealish,Jack Grealish,LW
1990-11-26,Danny,185.0,433,Welbeck,Danny Welbeck,CF
1995-08-19,Harry,183.0,7174,Toffolo,Harry Toffolo,LB
1997-12-09,Harvey,182.0,219,Barnes,Harvey Barnes,LW
2002-02-03,Radu,191.0,22180,Dragusin,Radu Dragusin,RCB
2000-01-31,Julian,170.0,10715,Alvarez,Julian Alvarez,CF
1997-05-23,Joe,188.0,38,Gomez,Joe Gomez,RCB
1991-12-20,Jorge Luiz,178.0,98,Frello Filho,Jorginho,DM
1994-11-01,James,177.0,394,Ward-Prowse,James Ward-Prowse,CM
2000-05-30,Fabio,170.0,8569,Vieira,Fabio Vieira,AM
1996-06-12,Davinson,187.0,65,Sánchez,Davinson Sánchez,RCB
1996-12-21,Ben,180.0,207,Chilwell,Ben Chilwell,LB
1997-05-23,Max,194.0,234,Kilman,Max Kilman,LCB
1987-10-05,Tim,186.0,1971,Ream,Tim Ream,LCB
1997-07-08,Rico,170.0,5057,Henry,Rico Henry,LB
1999-12-01,Jaidon,183.0,6996,Anthony,Jaidon Anthony,LW
1992-01-16,Matt,185.0,237,Doherty,Matt Doherty,RB
1993-03-25,Sam,193.0,2024,Johnstone,Sam Johnstone,GK
2004-11-21,Rico,169.0,10717,Lewis,Rico Lewis,RB
1999-03-22,Marcus,178.0,6982,Tavernier,Marcus Tavernier,LW
1992-02-23,Carlos,185.0,1683,Casemiro,Casemiro,DM
1985-07-09,Ashley,175.0,5046,Young,Ashley Young,LB
1996-08-30,Yves,182.0,447,Bissouma,Yves Bissouma,CM
1997-10-30,Sean,187.0,335,Longstaff,Sean Longstaff,CM
1990-09-19,Kieran,173.0,1377,Trippier,Kieran Trippier,RB
1992-05-24,Marcus,193.0,5083,Bettinelli,Marcus Bettinelli,GK
2000-01-12,Sven,195.0,3942,Botman,Sven Botman,LCB
1997-11-18,Robert,197.0,1903,Sánchez,Robert Sánchez,GK
1998-01-18,Lisandro,175.0,8023,Martinez,Lisandro Martinez,LCB
1989-07-19,Norberto,190.0,1506,Neto,Neto,GK
1998-01-21,Pervis,175.0,1406,Estupinan,Pervis Estupinan,LB
1992-02-14,Christian,182.0,7443,Eriksen,Christian Eriksen,CM
1996-06-11,Philip,193.0,297,Billing,Philip Billing,CM
1994-03-11,Andrew,178.0,41,Robertson,Andrew Robertson,LB
1992-07-08,Heung-min,184.0,83,Son,Heung-min Son,LW
2001-12-09,Cameron,175.0,5976,Archer,Cameron Archer,CF
1994-03-07,Jordan,185.0,169,Pickford,Jordan Pickford,GK
1997-06-25,Rodrigo,187.0,7584,Bentancur,Rodrigo Bentancur,CM
1998-03-18,Orel,178.0,4927,Mangala,Orel Mangala,CM
1997-08-08,Antonee,183.0,1973,Robinson,Antonee Robinson,LB
1994-10-27,Kurt,190.0,91,Zouma,Kurt Zouma,RCB
1993-03-13,Tyrone,196.0,355,Mings,Tyrone Mings,LCB
1993-08-17,Ederson,188.0,6,Santana de Moraes,Ederson,GK
1993-09-06,Saman,175.0,5070,Ghoddos,Saman Ghoddos,AM
2001-03-24,William,192.0,1895,Saliba,William Saliba,RCB
1988-05-23,Angelo,191.0,259,Ogbonna,Angelo Ogbonna,LCB
2003-10-20,Carney,187.0,3091,Chukwuemeka,Carney Chukwuemeka,CM
1999-01-16,Toti,187.0,7094,Gomes,Toti Gomes,LCB
2004-01-23,Julio,173.0,10749,Enciso,Julio Enciso,CF
1994-05-28,John,188.0,10,Stones,John Stones,RCB
1991-02-03,Willy,195.0,230,Boly,Willy Boly,RCB
1992-06-12,Philippe,172.0,7145,Coutinho,Philippe Coutinho,M
2001-01-30,Curtis,185.0,51,Jones,Curtis Jones,CM
1998-07-22,Marc,173.0,1553,Cucurella,Marc Cucurella,LB
1994-03-10,Christian,187.0,5065,Nörgaard,Christian Nörgaard,DM
1989-09-26,Idrissa,174.0,3858,Gueye,Idrissa Gueye,CM
1991-01-20,Tom,185.0,1981,Cairney,Tom Cairney,CM
1997-11-26,Aaron,183.0,126,Wan-Bissaka,Aaron Wan-Bissaka,RB
1995-02-22,Ryan,178.0,6997,Christie,Ryan Christie,AM
1996-03-30,Nayef,190.0,4002,Aguerd,Nayef Aguerd,LCB
2000-09-04,Sergio,171.0,13321,Gómez,Sergio Gómez,LB
1986-04-15,Tom,188.0,350,Heaton,Tom Heaton,GK
1999-05-07,Cody,193.0,11094,Gakpo,Cody Gakpo,LW
1991-06-28,Kevin,181.0,22,De Bruyne,Kevin De Bruyne,AM
1997-10-08,Ben,186.0,1916,White,Ben White,RB
2004-09-08,Lewis,179.0,7070,Hall,Lewis Hall,LB
2005-04-19,Kobbie,175.0,13699,Mainoo,Kobbie Mainoo,CM
1991-07-08,Virgil,193.0,37,van Dijk,Virgil van Dijk,RCB
1998-11-23,Caoimhin,188.0,35,Kelleher,Caoimhin Kelleher,GK
1999-01-08,Brandon,188.0,2486,Austin,Brandon Austin,GK
2005-03-04,Luke,177.0,10669,Harris,Luke Harris,AM
1990-05-28,Kyle,183.0,16,Walker,Kyle Walker,RB
1995-09-15,David,183.0,5048,Raya,David Raya,GK
1998-01-16,Odsonne,187.0,6016,Edouard,Odsonne Edouard,CF
1992-05-09,Dan,201.0,441,Burn,Dan Burn,LB
1999-07-24,Manor,170.0,8660,Solomon,Manor Solomon,LW
2000-06-08,Jan Paul,189.0,1917,van Hecke,Jan Paul van Hecke,RCB
2000-07-13,Marc,182.0,5090,Guehi,Marc Guehi,RCB
1990-08-18,Jason,188.0,437,Steele,Jason Steele,GK
2002-11-06,Elliot,179.0,2126,Anderson,Elliot Anderson,AM
1993-02-27,Alphonse,195.0,1965,Areola,Alphonse Areola,GK
2001-04-30,Nathan,193.0,5082,Collins,Nathan Collins,RCB
1984-09-22,Thiago,181.0,1926,Silva,Thiago Silva,RCB
1999-05-18,Mark,191.0,283,Travers,Mark Travers,GK
1995-12-02,Kalvin,179.0,2005,Phillips,Kalvin Phillips,DM
2002-09-14,Pape,184.0,4152,Sarr,Pape Sarr,CM
1993-06-13,Thomas,185.0,1380,Partey,Thomas Partey,DM
1997-05-20,Kaoru,178.0,10704,Mitoma,Kaoru Mitoma,LW
1997-05-10,Marcos,185.0,11102,Senesi,Marcos Senesi,LCB
1989-01-15,Martin,191.0,315,Dubravka,Martin Dubravka,GK
1986-01-04,James,175.0,49,Milner,James Milner,CM
2001-02-12,João,176.0,16785,Gomes,João Gomes,CM
1994-09-16,Aleksandar,189.0,1991,Mitrovic,Aleksandar Mitrovic,F
1995-07-19,Manuel,188.0,4661,Akanji,Manuel Akanji,RCB
1996-06-22,Rodrigo,191.0,18,Hernández Cascante,Rodri,DM
1995-04-15,Leander,188.0,241,Dendoncker,Leander Dendoncker,DM
1993-07-20,Lucas,178.0,176,Digne,Lucas Digne,LB
1995-12-19,Josh,179.0,500,Brownhill,Josh Brownhill,CM
1985-04-18,Lukasz,190.0,254,Fabianski,Lukasz Fabianski,GK
1996-12-13,Marek,194.0,1966,Rodak,Marek Rodak,GK
2000-03-28,Chris,188.0,4610,Richards,Chris Richards,RCB
1997-05-07,Youri,177.0,215,Tielemans,Youri Tielemans,CM
1996-04-09,Giovani,177.0,77,Lo Celso,Giovani Lo Celso,AM
2003-04-04,Harvey,170.0,590,Elliott,Harvey Elliott,AM
1998-04-17,Kristoffer,198.0,5051,Ajer,Kristoffer Ajer,RCB
1997-05-28,Ionut,188.0,8118,Radu,Ionut Radu,GK
1998-11-07,Arijanet,198.0,7,Muric,Arijanet Muric,GK
1993-11-11,Jamaal,188.0,319,Lascelles,Jamaal Lascelles,RCB
1998-06-30,Tom,180.0,186,Davies,Tom Davies,CM
1992-07-12,Luke,177.0,7269,Berry,Luke Berry,CM
1996-12-08,Scott,191.0,131,McTominay,Scott McTominay,DM
1988-05-10,Adam,172.0,52,Lallana,Adam Lallana,AM
2002-10-05,Jesurun,178.0,3199,Rak-Sakyi,Jesurun Rak-Sakyi,RW
2000-01-24,Ben,184.0,579,Johnson,Ben Johnson,RB
1998-04-10,Jacob,178.0,6941,Brown,Jacob Brown,CF
1992-04-15,Remo,180.0,8328,Freuler,Remo Freuler,CM
2002-10-18,James,180.0,6778,Mcatee,James Mcatee,CM
1993-03-05,Harry,194.0,118,Maguire,Harry Maguire,RCB
2000-01-07,Antoine,185.0,7192,Semenyo,Antoine Semenyo,RW
2001-04-29,Danilo,177.0,14289,dos Santos de Oliveira,Danilo,CM
2004-10-25,Divin,183.0,14071,Mubama,Divin Mubama,CF
1997-03-22,Harry,173.0,308,Wilson,Harry Wilson,RW
1996-09-09,Jairo,182.0,467,Riedewald,Jairo Riedewald,DM
2003-11-28,Alfie,183.0,18898,Gilchrist,Alfie Gilchrist,RCB
2000-01-26,Ryan,179.0,7265,Giles,Ryan Giles,LB
1995-08-05,Pierre-Emile,185.0,395,Höjbjerg,Pierre-Emile Höjbjerg,DM
2000-02-16,Hamed Junior,177.0,12619,Traore,Hamed Junior Traore,AM
2004-09-26,Daniel,,23261,Gore,Daniel Gore,CM
1995-06-17,Clement,186.0,1508,Lenglet,Clement Lenglet,LCB
1995-09-18,Matt,183.0,360,Targett,Matt Targett,LB
1996-01-01,Mahmoud,178.0,4678,Dahoud,Mahmoud Dahoud,CM
1994-12-02,Cauley,184.0,7658,Woodrow,Cauley Woodrow,CF
2002-05-06,Cole,189.0,596,Palmer,Cole Palmer,AM
1991-04-05,Nathaniel,175.0,43,Clyne,Nathaniel Clyne,RB
1999-06-24,Mads Roerslev,184.0,5059,Rasmussen,Mads Roerslev Rasmussen,RB
1996-05-12,Konstantinos,179.0,1956,Tsimikas,Kostas Tsimikas,LB
1999-05-25,Ibrahima,194.0,5097,Konaté,Ibrahima Konaté,RCB
2004-10-03,Alex,175.0,23572,Matos,Alex Matos,AM
1997-01-01,Gonzalo,175.0,8419,Montiel,Gonzalo Montiel,RB
1992-07-17,Adam,185.0,6930,Davies,Adam Davies,GK
1995-01-20,Calum,182.0,155,Chambers,Calum Chambers,RB
1997-12-11,Konstantinos,194.0,4922,Mavropanos,Konstantinos Mavropanos,RCB
2002-09-14,Joseph,172.0,10679,Hodge,Joseph Hodge,DM
2004-09-15,Luca,175.0,13068,Koleosho,Luca Koleosho,LW
1998-01-31,Norberto,194.0,12692,Bercique Gomes Betuncal,Beto,CF
1993-04-25,Raphael,191.0,1675,Varane,Raphael Varane,RCB
1995-01-27,Harrison,181.0,393,Reed,Harrison Reed,CM
1989-06-25,Jack,185.0,497,Cork,Jack Cork,DM
1996-01-01,Andreas,178.0,134,Pereira,Andreas Pereira,AM
2004-04-25,Michael,180.0,18247,Olakigbe,Michael Olakigbe,RW
2001-05-23,Brennan,186.0,7008,Johnson,Brennan Johnson,RW
1997-08-12,Taiwo,183.0,1958,Awoniyi,Taiwo Awoniyi,CF
2000-07-21,Erling,195.0,4687,Haaland,Erling Haaland,CF
1998-06-29,Eberechi,178.0,1940,Eze,Eberechi Eze,AM
1996-08-21,Sofyan,185.0,12586,Amrabat,Sofyan Amrabat,DM
1995-01-11,Joe,185.0,7332,Rothwell,Joe Rothwell,CM
1990-01-08,Robin,196.0,2076,Olsen,Robin Olsen,GK
1998-06-27,Jean-Ricner,172.0,4241,Bellegarde,Jean-Ricner Bellegarde,CM
1996-04-07,Josh,175.0,270,Cullen,Josh Cullen,CM
1995-10-09,Kenny,180.0,1974,Tete,Kenny Tete,RB
2001-08-02,Jordan,198.0,9713,Amissah,Jordan Amissah,GK
1990-04-23,Mathias,189.0,6076,Jorgensen,Zanka,RCB
1994-03-22,Pelly-Ruddock,175.0,7248,Mpanzu,Pelly-Ruddock Mpanzu,DM
2001-04-13,Neco,183.0,589,Williams,Neco Williams,RB
1991-08-31,Cédric,171.0,390,Soares,Cédric Soares,RB
1989-12-15,Aaron,170.0,261,Cresswell,Aaron Cresswell,LB
2003-01-21,Hannibal,177.0,3263,Mejbri,Hannibal Mejbri,M
1997-07-07,Sasa,200.0,4945,Kalajdzic,Sasa Kalajdzic,CF
1995-04-17,Will,185.0,421,Hughes,Will Hughes,CM
2001-11-02,Moises,178.0,2134,Caicedo,Moises Caicedo,DM
1998-11-09,Santiago,190.0,13130,Bueno,Santiago Bueno,RCB
2003-12-27,Leigh,,24622,Kavanagh,Leigh Kavanagh,RCB
1996-08-13,Saša,182.0,12664,Lukić,Saša Lukić,CM
1999-10-10,João,192.0,613,Virginia,João Virginia,GK
2004-02-29,Joe,179.0,13310,Whitworth,Joe Whitworth,GK
2002-09-18,Myles,187.0,5071,Peart-Harris,Myles Peart-Harris,AM
2005-03-10,Ben,,24482,Parkinson,Ben Parkinson,RW
2002-05-16,Ryan,190.0,8030,Gravenberch,Ryan Gravenberch,CM
1990-10-27,Jóhann,186.0,503,Berg Gudmundsson,Jóhann Berg Gudmundsson,RW
2001-03-26,Benoît,194.0,3877,Badiashile,Benoît Badiashile,LCB
1999-05-28,Mike,172.0,19944,Trésor,Mike Trésor,LW
2004-09-13,James,,22077,McConnell,James McConnell,CM
2001-06-20,Nicolas,188.0,13055,Jackson,Nicolas Jackson,CF
1994-08-03,Emerson,176.0,94,Palmieri dos Santos,Emerson,LB
1985-09-03,Scott,188.0,570,Carson,Scott Carson,GK
1999-06-17,Luis,172.0,9988,Sinisterra,Luis Sinisterra,LW
1989-09-10,Matt,173.0,326,Ritchie,Matt Ritchie,RM
2005-04-11,Jack,182.0,14098,Hinshelwood,Jack Hinshelwood,DM
1998-08-14,Gabriel,185.0,7255,Osho,Gabriel Osho,RCB
2003-12-13,Jhon,185.0,7555,Duran,Jhon Duran,CF
2001-06-10,Luke,181.0,604,Thomas,Luke Thomas,LB
1996-12-16,Sergio,178.0,1792,Reguilon,Sergio Reguilon,LB
1994-02-10,Remi,192.0,5089,Matthews,Remi Matthews,GK
2001-06-06,Rayan,180.0,2072,Ait Nouri,Rayan Ait Nouri,LB
2001-03-16,Anis,188.0,14030,Slimane,Anis Slimane,CM
1999-02-28,Hannes,183.0,19998,Delcroix,Hannes Delcroix,LCB
2000-07-28,Emile,182.0,2118,Smith Rowe,Emile Smith Rowe,AM
1993-06-22,Loris,191.0,34,Karius,Loris Karius,GK
2002-09-18,Hugo,180.0,6064,Bueno,Hugo Bueno,LB
2005-04-20,Alfie,,24506,Dorrington,Alfie Dorrington,RCB
1992-08-08,Kieffer,196.0,7966,Moore,Kieffer Moore,CF
1983-10-19,Andy,193.0,36,Lonergan,Andy Lonergan,GK
1997-04-18,Donny,184.0,1947,van de Beek,Donny van de Beek,CM
2002-03-10,Ian,178.0,7692,Maatsen,Ian Maatsen,LB
1996-09-21,Thilo,186.0,3849,Kehrer,Thilo Kehrer,RCB
1989-03-29,James,192.0,465,Tomkins,James Tomkins,RCB
1994-05-06,Mateo,177.0,100,Kovacic,Mateo Kovacic,CM
2006-12-21,Sam,,25266,Proctor,Sam Proctor,GK
1998-01-07,Elijah,193.0,7250,Adebayo,Elijah Adebayo,CF
2001-02-22,Keane,170.0,7023,Lewis-Potter,Keane Lewis-Potter,LW
1996-12-04,Diogo,178.0,247,Jota,Diogo Jota,LW
2001-01-05,Mykhaylo,175.0,8661,Mudryk,Mykhaylo Mudryk,LW
2003-08-04,William,186.0,3261,Osula,William Osula,CF
1997-07-08,David,173.0,304,Brooks,David Brooks,RW
1995-04-18,Divock,189.0,60,Origi,Divock Origi,CF
2005-02-07,Bobby,178.0,13289,Clark,Bobby Clark,CM
1996-11-12,Scott,189.0,7002,McKenna,Scott McKenna,LCB
1988-04-03,Tim,193.0,541,Krul,Tim Krul,GK
2000-07-16,Tyrese,173.0,3257,Francois,Tyrese Francois,M
2002-10-01,Joe,186.0,6088,White,Joe White,AM
2004-05-24,Youssef,192.0,11846,Chermiti,Youssef Chermiti,CF
2004-01-09,Benicio,,24537,Baker-Boaitey,Benicio Baker-Boaitey,LW
2003-02-04,Rasmus,191.0,13381,Höjlund,Rasmus Höjlund,CF
2003-01-10,Cesare,185.0,15634,Casadei,Cesare Casadei,CM
2000-12-04,Zeki,185.0,19642,Amdouni,Zeki Amdouni,CF
2003-01-29,Jarell,190.0,7050,Quansah,Jarell Quansah,RCB
1996-03-08,Moussa,190.0,5021,Niakhaté,Moussa Niakhaté,LCB
2004-04-01,Matheus,184.0,16132,França,Matheus França,AM
2001-05-04,Rodrigo,186.0,7220,Muniz,Rodrigo Muniz,CF
2003-09-22,Harvey,190.0,13770,Griffiths,Harvey Griffiths,DM
2000-09-16,Oliver,175.0,75,Skipp,Oliver Skipp,DM
2005-12-12,Oliver,,24627,Scarles,Oliver Scarles,LB
1997-08-07,Matthew,185.0,1896,Cash,Matty Cash,RB
2000-02-24,Antony,172.0,8039,Matheus dos Santos,Antony,RW
2002-09-05,Lucas,205.0,9204,Bergstrom,Lucas Bergstrom,GK
2003-11-07,Milos,180.0,11128,Kerkez,Milos Kerkez,LB
1999-07-23,Victor,174.0,9331,da Silva,Vitinho,RB
1997-05-11,Max,175.0,1928,Lowe,Max Lowe,LB
1988-10-11,Seamus,177.0,180,Coleman,Seamus Coleman,RB
2002-11-12,Valentino,182.0,3081,Livramento,Valentino Livramento,RB
2002-10-31,Ansu,178.0,1529,Fati,Ansu Fati,LW
1999-12-10,Reiss,175.0,165,Nelson,Reiss Nelson,RW
2000-07-03,Mikkel,180.0,12779,Damsgaard,Mikkel Damsgaard,LW
1987-01-03,Adrian,190.0,33,San Miguel del Castillo,Adrián,GK
1998-05-14,Aaron,190.0,281,Ramsdale,Aaron Ramsdale,GK
2002-03-29,Naouirou,183.0,4929,Ahamada,Naouirou Ahamada,CM
1994-07-17,Victor,187.0,119,Lindelöf,Victor Lindelöf,RCB
2007-08-07,Ollie,,27733,Harrison,Ollie Harrison,M
1997-09-14,Dominic,186.0,312,Solanke,Dominic Solanke,CF
1992-01-15,Joël,184.0,1904,Veltman,Joël Veltman,RB
1992-03-27,Mark,191.0,1933,Gillespie,Mark Gillespie,GK
1989-12-21,Cheikhou,189.0,474,Kouyaté,Cheikhou Kouyaté,DM
2002-05-27,Jérémy,173.0,4021,Doku,Jérémy Doku,LW
2001-11-14,Mackenzie,,23990,Hunt,Mackenzie Hunt,LB
1998-10-21,Hjalmar,187.0,15622,Ekdal,Hjalmar Ekdal,RCB
2001-05-12,Issa,180.0,4373,Kabore,Issa Kabore,RB
1993-02-02,Bobby,170.0,1990,Reid,Bobby Reid,AM
1996-09-03,Yoane,176.0,4358,Wissa,Yoane Wissa,LW
,Dovydas,,28549,Sasnauskas,Dovydas Sasnauskas,RCB
2002-03-10,Noni,182.0,11095,Madueke,Noni Madueke,RW
1997-05-10,Enes,187.0,1559,Ünal,Enes Ünal,CF
2004-10-19,Evan,183.0,6889,Ferguson,Evan Ferguson,CF
1997-01-16,Pau,192.0,1841,Torres,Pau Torres,LCB
2000-03-09,Pedro,172.0,251,Neto,Pedro Neto,RW
1999-05-30,Eddie,175.0,168,Nketiah,Eddie Nketiah,CF
1996-01-01,Mathias,180.0,5063,Jensen,Mathias Jensen,CM
1993-04-24,Ben,181.0,71,Davies,Ben Davies,LB
2001-01-01,Yasser,176.0,4371,Larouci,Yasser Larouci,LB
2006-05-01,Lewis,189.0,16789,Miley,Lewis Miley,CM
1998-08-27,Matheus,183.0,8079,Nunes,Matheus Nunes,CM
2001-10-16,Nathan,189.0,7095,Patterson,Nathan Patterson,RB
1996-01-25,Adama,178.0,250,Traoré,Adama Traoré,RW
1996-11-20,Jack,175.0,2015,Harrison,Jack Harrison,RW
2001-05-28,Jacob,180.0,2062,Ramsey,Jacob Ramsey,CM
1991-07-16,Andros,181.0,481,Townsend,Andros Townsend,RW
2000-02-06,Conor,182.0,2052,Gallagher,Conor Gallagher,CM
2005-04-21,Zack,,13659,Nelson,Zack Nelson,M
1996-05-03,Alex,183.0,191,Iwobi,Alex Iwobi,AM
1998-04-08,Shandon,180.0,5067,Baptiste,Shandon Baptiste,CM
1998-12-17,Martin,178.0,1688,Ödegaard,Martin Ödegaard,AM
1999-04-07,Jakub,191.0,2140,Moder,Jakub Moder,CM
2000-09-30,Tariq,163.0,444,Lamptey,Tariq Lamptey,RB
1996-01-26,Hee-chan,177.0,4915,Hwang,Hee-chan Hwang,CF
1992-07-23,Danny,177.0,402,Ings,Danny Ings,CF
1998-12-24,Alexis,176.0,453,Mac Allister,Alexis Mac Allister,CM
2001-02-24,Anthony,182.0,588,Gordon,Anthony Gordon,LW
1991-06-15,Pascal,181.0,448,Groß,Pascal Groß,CM
2001-09-10,Armando,191.0,5136,Broja,Armando Broja,CF
1996-11-23,James,175.0,220,Maddison,James Maddison,AM
2001-06-18,Gabriel,178.0,162,Martinelli,Gabriel Martinelli,LW
1994-12-08,Raheem,170.0,25,Sterling,Raheem Sterling,LW
2001-09-26,João,182.0,430,Pedro,João Pedro,CF
1995-08-10,Said,172.0,2082,Benrahma,Said Benrahma,LW
1995-02-24,Jacob,173.0,345,Murphy,Jacob Murphy,RW
1997-08-09,Leon,178.0,5047,Bailey,Leon Bailey,LW
1992-02-27,Callum,180.0,311,Wilson,Callum Wilson,CF
1995-12-30,Ollie,180.0,1900,Watkins,Ollie Watkins,CF
1997-05-10,Richarlison,184.0,195,de Andrade,Richarlison,CF
1994-03-06,Nathan,173.0,398,Redmond,Nathan Redmond,RW
1991-05-05,Raúl,187.0,252,Jiménez,Raúl Jiménez,CF
1997-03-16,Dominic,189.0,197,Calvert-Lewin,Dominic Calvert-Lewin,CF
1994-02-10,Miguel,174.0,340,Almirón,Miguel Almirón,RW
1996-09-27,Maxwel,179.0,3918,Cornet,Maxwel Cornet,LW
2000-05-28,Phil,171.0,21,Foden,Phil Foden,RW
1994-12-04,Leandro,172.0,455,Trossard,Leandro Trossard,LW
1999-06-11,Kai,193.0,1937,Havertz,Kai Havertz,AM
1996-08-14,Neal,173.0,458,Maupay,Neal Maupay,CF
1994-06-24,Matt,191.0,940,Turner,Matt Turner,GK
1994-07-20,Solly,180.0,452,March,Solly March,RW
2000-03-25,Jadon,180.0,1331,Sancho,Jadon Sancho,LW
1991-09-11,Jordan,182.0,483,Ayew,Jordan Ayew,CF
1994-09-08,Bruno,179.0,133,Fernandes,Bruno Fernandes,AM
1996-02-22,Pablo,178.0,272,Fornals,Pablo Fornals,AM
1996-12-20,Jarrod,175.0,274,Bowen,Jarrod Bowen,RW
2001-12-12,Michael,184.0,5092,Olise,Michael Olise,RW
1996-03-06,Timo,180.0,1939,Werner,Timo Werner,CF
1999-08-07,Bryan,171.0,5074,Mbeumo,Bryan Mbeumo,RW
1995-09-06,Bertrand,181.0,2054,Traoré,Bertrand Traoré,RW
1992-11-06,Stefan,185.0,4525,Ortega,Stefan Ortega,GK
1999-01-10,Mason,181.0,105,Mount,Mason Mount,AM
1996-03-16,Ivan,185.0,5076,Toney,Ivan Toney,CF
1997-04-03,Gabriel,175.0,30,Jesus,Gabriel Jesus,CF
2001-09-05,Bukayo,178.0,163,Saka,Bukayo Saka,RW
1989-05-16,Felipe,190.0,1370,de Almeida Monteiro,Felipe,RCB
2002-04-27,Anthony,178.0,3112,Elanga,Anthony Elanga,LW
2000-04-25,Dejan,186.0,7583,Kulusevski,Dejan Kulusevski,RW
1989-07-29,Jay,185.0,507,Rodríguez,Jay Rodríguez,CF
1992-06-15,Mohamed,175.0,56,Salah,Mohamed Salah,RW
1997-01-13,Luis,180.0,7444,Díaz,Luis Díaz,LW
1991-12-07,Chris,191.0,505,Wood,Chris Wood,CF
2003-09-04,Malcolm,185.0,7420,Ebiowei,Malcolm Ebiowei,RW
1992-10-02,Alisson,193.0,32,Ramses Becker,Alisson,GK
1998-10-06,Lloyd,190.0,289,Kelly,Lloyd Kelly,LCB
2001-05-02,Yerson,188.0,5132,Mosquera,Yerson Mosquera,RCB
1995-12-05,Timothy,185.0,1960,Castagne,Timothy Castagne,RB
1995-07-12,Luke,178.0,123,Shaw,Luke Shaw,LB
1991-11-21,Lewis,192.0,438,Dunk,Lewis Dunk,RCB
1988-03-17,Fraser,201.0,1912,Forster,Fraser Forster,GK
1997-06-28,Jean-Philippe,192.0,2127,Mateta,Jean-Philippe Mateta,CF
1997-01-09,Issa,194.0,257,Diop,Issa Diop,RCB
1997-12-19,Gabriel,190.0,1894,Magalháes,Gabriel,LCB
1994-01-19,Marvelous,177.0,365,Nakamba,Marvelous Nakamba,DM
1995-02-18,Nathan,180.0,284,Aké,Nathan Aké,LCB
1995-03-19,Thomas,193.0,10702,Strakosha,Thomas Strakosha,GK
1998-10-07,Trent,180.0,42,Alexander-Arnold,Trent Alexander-Arnold,RB
1999-07-05,Trevoh,192.0,5154,Chalobah,Trevoh Chalobah,RCB
1997-10-31,Marcus,185.0,136,Rashford,Marcus Rashford,LW
1990-03-28,Michail,180.0,276,Antonio,Michail Antonio,CF
1995-01-04,Adam,190.0,439,Webster,Adam Webster,RCB
1994-03-07,Jordan,185.0,169,Pickford,Jordan Pickford,GK
1990-09-19,Kieran,173.0,1377,Trippier,Kieran Trippier,RB
1998-11-05,Takehiro,188.0,2087,Tomiyasu,Takehiro Tomiyasu,RB
1993-03-05,Harry,194.0,118,Maguire,Harry Maguire,RCB
1991-11-21,Lewis,192.0,438,Dunk,Lewis Dunk,RCB
1997-05-23,Joe,188.0,38,Gomez,Joe Gomez,RCB
1993-01-11,Michael,188.0,172,Keane,Michael Keane,RCB
1996-12-21,Ben,180.0,207,Chilwell,Ben Chilwell,LB
1993-12-05,Ross,189.0,102,Barkley,Ross Barkley,CM
1994-12-08,Raheem,170.0,25,Sterling,Raheem Sterling,LW
2000-03-25,Jadon,180.0,1331,Sancho,Jadon Sancho,LW
1992-02-27,Callum,180.0,311,Wilson,Callum Wilson,CF
1990-05-28,Kyle,183.0,16,Walker,Kyle Walker,RB
1997-10-31,Marcus,185.0,136,Rashford,Marcus Rashford,LW
1998-10-07,Trent,180.0,42,Alexander-Arnold,Trent Alexander-Arnold,RB
1994-01-15,Eric,188.0,74,Dier,Eric Dier,RCB
1994-03-03,Jonny,175.0,235,Otto,Jonny Otto,M
1991-04-11,Thiago,174.0,1893,Alcántara do Nascimento,Thiago,CM
1991-05-05,Raúl,187.0,252,Jiménez,Raúl Jiménez,CF
1997-10-24,Edson,190.0,2106,Alvarez,Edson Alvarez,DM
1999-02-14,Tyler,175.0,1339,Adams,Tyler Adams,DM
2000-01-04,Max,171.0,550,Aarons,Max Aarons,RB
1998-08-12,Auston,190.0,676,Trusty,Auston Trusty,LCB
1994-06-24,Matt,191.0,940,Turner,Matt Turner,GK
2001-05-02,Yerson,188.0,5132,Mosquera,Yerson Mosquera,RCB
1998-10-14,Lewis,173.0,7172,O'Brien,Lewis O'Brien,CM
1999-01-08,Brandon,188.0,2486,Austin,Brandon Austin,GK
2003-12-13,Jhon,185.0,7555,Duran,Jhon Duran,CF
1999-10-08,Dorde,194.0,7866,Petrovic,Djordje Petrovic,GK
1996-01-18,Ivo,195.0,5199,Grbic,Ivo Grbic,GK
1998-03-18,Orel,178.0,4927,Mangala,Orel Mangala,CM
2002-11-30,Bénie,172.0,21499,Traoré,Bénie Traoré,CF
1996-09-27,Maxwel,179.0,3918,Cornet,Maxwel Cornet,LW
2000-01-12,Sven,195.0,3942,Botman,Sven Botman,LCB
2004-05-03,Andrey,180.0,18430,Santos,Andrey Santos,DM
2001-03-24,William,192.0,1895,Saliba,William Saliba,RCB
1996-03-30,Nayef,190.0,4002,Aguerd,Nayef Aguerd,LCB
2001-03-26,Benoît,194.0,3877,Badiashile,Benoît Badiashile,LCB
2001-08-16,Amadou,195.0,4498,Onana,Amadou Onana,DM
1999-03-26,Anel,190.0,7578,Ahmedhodzic,Anel Ahmedhodzic,RCB
1999-11-23,Boubacar,184.0,3977,Kamara,Boubacar Kamara,DM
1997-11-16,Bruno,182.0,3924,Guimarães,Bruno Guimarães,DM
1994-08-03,Emerson,176.0,94,Palmieri dos Santos,Emerson,LB
2002-05-26,Maxime,193.0,4519,Esteve,Maxime Esteve,LCB
2001-08-20,Boubacar,183.0,4157,Traoré,Boubacar Traoré,DM
1996-09-21,Thilo,186.0,3849,Kehrer,Thilo Kehrer,RCB
2001-07-07,Han-Noah,178.0,7197,Massengo,Han-Noah Massengo,DM
2000-01-08,Cheick,180.0,4213,Doucouré,Cheick Doucouré,DM
1989-09-26,Idrissa,174.0,3858,Gueye,Idrissa Gueye,CM
2001-05-12,Issa,180.0,4373,Kabore,Issa Kabore,RB
2000-01-26,Nuno,183.0,5044,Tavares,Nuno Tavares,LB
1998-03-11,Axel,190.0,3878,Disasi,Axel Disasi,RCB
1993-07-30,André,188.0,185,Gomes,André Gomes,CM
2004-03-26,Lesley,190.0,4017,Ugochukwu,Lesley Ugochukwu,DM
1997-05-28,Ionut,188.0,8118,Radu,Ionut Radu,GK
2004-08-06,Diego,179.0,11857,Moreira,Diego Moreira,LW
2002-05-27,Jérémy,173.0,4021,Doku,Jérémy Doku,LW
1999-05-05,Justin,172.0,4047,Kluivert,Justin Kluivert,LW
2002-09-14,Pape,184.0,4152,Sarr,Pape Sarr,CM
1992-05-11,Pablo,174.0,3867,Sarabia,Pablo Sarabia,RW
1993-09-01,Mario,184.0,1978,Lemina,Mario Lemina,DM
1993-12-05,Ross,189.0,102,Barkley,Ross Barkley,CM
1992-02-26,Matz,188.0,4228,Sels,Matz Sels,GK
1998-06-27,Jean-Ricner,172.0,4241,Bellegarde,Jean-Ricner Bellegarde,CM
2004-11-28,Wilson,182.0,9840,Odobert,Wilson Odobert,LW
2003-05-19,Malo,178.0,3921,Gusto,Malo Gusto,RB
2000-06-22,Lorenz,181.0,4011,Assignon,Lorenz Assignon,RB
2004-01-03,Carlos,179.0,7803,Baleba,Carlos Baleba,DM
1995-08-10,Said,172.0,2082,Benrahma,Said Benrahma,LW
1997-08-27,Lucas,180.0,3930,Paquetá,Lucas Paquetá,AM
1998-07-14,Romain,180.0,4301,Faivre,Romain Faivre,RM
1992-08-28,Ui-jo,185.0,4280,Hwang,Ui-jo Hwang,CF
2002-02-11,Dango,177.0,4517,Ouattara,Dango Ouattara,RW
2001-01-01,Yasser,176.0,4371,Larouci,Yasser Larouci,LB
1996-01-26,Hee-chan,177.0,4915,Hwang,Hee-chan Hwang,CF
2002-12-22,David Datro,180.0,14236,Fofana,David Datro Fofana,CF
1995-07-19,Manuel,188.0,4661,Akanji,Manuel Akanji,RCB
2002-03-29,Naouirou,183.0,4929,Ahamada,Naouirou Ahamada,CM
2000-05-19,Jordan,187.0,4696,Beyer,Jordan Beyer,RCB
2000-03-25,Jadon,180.0,1331,Sancho,Jadon Sancho,LW
2002-03-10,Ian,178.0,7692,Maatsen,Ian Maatsen,LB
1996-03-08,Moussa,190.0,5021,Niakhaté,Moussa Niakhaté,LCB
2000-03-28,Chris,188.0,4610,Richards,Chris Richards,RCB
2000-11-07,Callum,178.0,108,Hudson-Odoi,Callum Hudson-Odoi,LW
2002-01-23,Josko,185.0,4892,Gvardiol,Josko Gvardiol,LCB
1996-01-01,Mahmoud,178.0,4678,Dahoud,Mahmoud Dahoud,CM
2002-11-13,Giovanni,185.0,4681,Reyna,Giovanni Reyna,AM
1997-04-18,Donny,184.0,1947,van de Beek,Donny van de Beek,CM
1999-02-14,Tyler,175.0,1339,Adams,Tyler Adams,DM
1999-05-27,Matheus,183.0,4850,Cunha,Matheus Cunha,CF
1993-06-13,Mark,195.0,4775,Flekken,Mark Flekken,GK
2002-05-16,Ryan,190.0,8030,Gravenberch,Ryan Gravenberch,CM
1994-01-15,Eric,188.0,74,Dier,Eric Dier,RCB
2001-11-27,Kevin,185.0,4796,Schade,Kevin Schade,RW
1998-03-18,Orel,178.0,4927,Mangala,Orel Mangala,CM
1992-11-06,Stefan,185.0,4525,Ortega,Stefan Ortega,GK
1998-09-19,Jacob Bruun,183.0,4880,Larsen,Jacob Bruun Larsen,LW
1996-03-06,Timo,180.0,1939,Werner,Timo Werner,CF
1997-12-11,Konstantinos,194.0,4922,Mavropanos,Konstantinos Mavropanos,RCB
1995-04-19,Kevin,184.0,4994,Mbabu,Kevin Mbabu,RB
1997-07-07,Sasa,200.0,4945,Kalajdzic,Sasa Kalajdzic,CF
2000-10-25,Dominik,187.0,4907,Szoboszlai,Dominik Szoboszlai,CM
1993-02-09,Wataru,178.0,4928,Endo,Wataru Endo,DM
1999-07-07,Moussa,171.0,4595,Diaby,Moussa Diaby,RW
1997-11-14,Christopher,177.0,4909,Nkunku,Christopher Nkunku,AM
2000-07-21,Erling,195.0,4687,Haaland,Erling Haaland,CF
1997-08-12,Taiwo,183.0,1958,Awoniyi,Taiwo Awoniyi,CF
2001-04-19,Micky,193.0,6023,van de Ven,Micky van de Ven,LCB
2003-08-09,Jili,182.0,13725,Buyabu,Jili Buyabu,LB
2006-01-09,Joseph,172.0,18699,Johnson,Joseph Johnson,LB
2003-10-16,Louie,186.0,15619,Marsh,Louie Marsh,CF
2005-04-21,Zack,,13659,Nelson,Zack Nelson,M
1991-04-29,Adam,174.0,292,Smith,Adam Smith,RB
1997-12-27,Mads,194.0,7035,Andersen,Mads Andersen,RCB
2004-07-24,Charles,,24487,Sagoe Jr,Charles Sagoe Jr,LW
1994-11-01,James,177.0,394,Ward-Prowse,James Ward-Prowse,CM
1997-11-05,Chris,190.0,286,Mepham,Chris Mepham,RCB
1994-10-25,Jefferson,179.0,295,Lerma,Jefferson Lerma,DM
2000-01-27,Morgan,178.0,243,Gibbs-White,Morgan Gibbs-White,AM
2001-02-22,Keane,170.0,7023,Lewis-Potter,Keane Lewis-Potter,LW
2002-04-13,Karl,193.0,5158,Hein,Karl Hein,GK
1995-03-09,Emiliano,182.0,6999,Marcondes,Emiliano Marcondes,AM
2000-12-25,Ismaila,183.0,9285,Coulibaly,Ismaila Coulibaly,M
1999-03-22,Marcus,178.0,6982,Tavernier,Marcus Tavernier,LW
1999-04-22,Rhys,181.0,7273,Norrington-Davies,Rhys Norrington-Davies,LB
1993-03-25,Sam,193.0,2024,Johnstone,Sam Johnstone,GK
2003-02-26,Levi,187.0,7170,Colwill,Levi Colwill,LCB
2001-05-23,Brennan,186.0,7008,Johnson,Brennan Johnson,RW
1995-10-09,Kenny,180.0,1974,Tete,Kenny Tete,RB
2001-04-13,Neco,183.0,589,Williams,Neco Williams,RB
1996-12-13,Marek,194.0,1966,Rodak,Marek Rodak,GK
2002-04-30,Teden,186.0,5151,Mengi,Teden Mengi,RCB
1996-06-11,Philip,193.0,297,Billing,Philip Billing,CM
2001-08-02,Jordan,198.0,9713,Amissah,Jordan Amissah,GK
1997-11-21,Ryan,190.0,7001,Yates,Ryan Yates,CM
1995-01-27,Harrison,181.0,393,Reed,Harrison Reed,CM
1997-08-08,Antonee,183.0,1973,Robinson,Antonee Robinson,LB
2002-11-04,Luke,178.0,7114,Plange,Luke Plange,CF
1993-02-02,Bobby,170.0,1990,Reid,Bobby Reid,AM
2003-01-02,CJ,183.0,6887,Egan-Riley,CJ Egan-Riley,D
2004-01-08,Oliver,180.0,8201,Arblaster,Oliver Arblaster,M
1996-09-02,Reece,189.0,7246,Burke,Reece Burke,RCB
1995-08-03,Charlie,196.0,5055,Goode,Charlie Goode,RCB
1990-10-27,Jóhann,186.0,503,Berg Gudmundsson,Jóhann Berg Gudmundsson,RW
2003-08-21,Alex,178.0,7190,Scott,Alex Scott,CM
2002-03-10,Ian,178.0,7692,Maatsen,Ian Maatsen,LB
2002-04-28,Femi,180.0,3196,Seriki,Femi Seriki,RB
1997-03-22,Harry,173.0,308,Wilson,Harry Wilson,RW
1996-11-12,Scott,189.0,7002,McKenna,Scott McKenna,LCB
1987-10-05,Tim,186.0,1971,Ream,Tim Ream,LCB
2001-07-07,Han-Noah,178.0,7197,Massengo,Han-Noah Massengo,DM
1989-07-29,Jay,185.0,507,Rodríguez,Jay Rodríguez,CF
1997-03-28,Benson,166.0,10680,Manuel,Benson Manuel,RW
2000-04-01,Rhian,180.0,1959,Brewster,Rhian Brewster,CF
2003-08-20,Andre,180.0,13559,Brooks,Andre Brooks,LM
2003-01-21,Aaron,181.0,5975,Ramsey,Aaron Ramsey,AM
1994-12-03,Tom,185.0,7654,Lockyer,Tom Lockyer,RCB
1998-08-12,Auston,190.0,676,Trusty,Auston Trusty,LCB
2002-06-23,Andrew,188.0,5101,Omobamidele,Andrew Omobamidele,RCB
1997-07-08,David,173.0,304,Brooks,David Brooks,RW
2000-06-08,Jan Paul,189.0,1917,van Hecke,Jan Paul van Hecke,RCB
1998-10-06,Lloyd,190.0,289,Kelly,Lloyd Kelly,LCB
1991-01-20,Tom,185.0,1981,Cairney,Tom Cairney,CM
1994-04-13,Daniel,173.0,7270,Potts,Daniel Potts,LB
1995-08-19,Harry,183.0,7174,Toffolo,Harry Toffolo,LB
1997-09-14,Dominic,186.0,312,Solanke,Dominic Solanke,CF
2000-01-04,Max,171.0,550,Aarons,Max Aarons,RB
1999-12-04,Tahith,185.0,139,Chong,Tahith Chong,AM
2000-05-19,Jordan,187.0,4696,Beyer,Jordan Beyer,RCB
1997-05-01,Chiedozie,181.0,9280,Ogbene,Chiedozie Ogbene,RW
1994-03-22,Pelly-Ruddock,175.0,7248,Mpanzu,Pelly-Ruddock Mpanzu,DM
1994-05-05,Amari'i,180.0,7249,Bell,Amari'i Bell,LB
2002-07-11,Amad,173.0,2123,Diallo,Amad Diallo,RW
2002-10-18,James,180.0,6778,Mcatee,James Mcatee,CM
1991-01-14,Wes,185.0,1930,Foderingham,Wes Foderingham,GK
1994-01-19,Marvelous,177.0,365,Nakamba,Marvelous Nakamba,DM
1999-03-04,Dara,189.0,2031,O'Shea,Dara O'Shea,RCB
2001-12-09,Cameron,175.0,5976,Archer,Cameron Archer,CF
2002-03-06,Ameen,187.0,14278,Al Dakhil,Ameen Al Dakhil,RCB
1992-10-20,John,185.0,514,Egan,John Egan,RCB
1999-06-17,Luis,172.0,9988,Sinisterra,Luis Sinisterra,LW
2005-06-26,Ashley,192.0,10686,Phillips,Ashley Phillips,RCB
1995-09-23,Connor,175.0,6018,Roberts,Connor Roberts,RB
1997-01-10,Joe,190.0,7003,Worrall,Joe Worrall,RCB
1997-02-03,Lewis,175.0,296,Cook,Lewis Cook,CM
1995-02-22,Ryan,178.0,6997,Christie,Ryan Christie,AM
1999-12-21,Alfie,183.0,6943,Doughty,Alfie Doughty,LM
2001-03-13,James,182.0,5152,Garner,James Garner,DM
1997-09-24,Tosin,196.0,13,Adarabioyo,Tosin Adarabioyo,RCB
1994-09-16,Aleksandar,189.0,1991,Mitrovic,Aleksandar Mitrovic,F
1994-12-02,Cauley,184.0,7658,Woodrow,Cauley Woodrow,CF
1993-09-18,Charlie,183.0,493,Taylor,Charlie Taylor,LB
1999-07-23,Victor,174.0,9331,da Silva,Vitinho,RB
1993-03-09,George,178.0,522,Baldock,George Baldock,RB
1994-08-05,Ben,176.0,529,Osborn,Ben Osborn,CM
1993-09-22,Jordan,183.0,7252,Clark,Jordan Clark,CM
2001-10-17,Tommy,172.0,595,Doyle,Tommy Doyle,CM
1999-04-18,Ben,185.0,7335,Brereton,Ben Brereton,LW
2003-06-30,Tim,183.0,3258,Iroegbunam,Tim Iroegbunam,CM
1998-01-07,Elijah,193.0,7250,Adebayo,Elijah Adebayo,CF
1991-08-24,John,169.0,527,Fleck,John Fleck,CM
1993-09-01,Jack,180.0,521,Robinson,Jack Robinson,LCB
2003-03-23,Álvaro,186.0,7860,Carreras,Álvaro Carreras,LB
1996-06-04,Oliver,188.0,536,McBurnie,Oliver McBurnie,CF
2000-01-26,Ryan,179.0,7265,Giles,Ryan Giles,LB
1991-04-12,Oliver,175.0,528,Norwood,Oliver Norwood,CM
2000-01-07,Antoine,185.0,7192,Semenyo,Antoine Semenyo,RW
1993-07-13,Daniel,193.0,7201,Bentley,Daniel Bentley,GK
2000-02-01,Gavin,175.0,6995,Kilkenny,Gavin Kilkenny,CM
1995-12-19,Josh,179.0,500,Brownhill,Josh Brownhill,CM
2000-07-27,Jayden,178.0,1929,Bogle,Jayden Bogle,RB
1998-04-10,Jacob,178.0,6941,Brown,Jacob Brown,CF
1998-08-14,Gabriel,185.0,7255,Osho,Gabriel Osho,RCB
1996-04-07,Josh,175.0,270,Cullen,Josh Cullen,CM
1995-12-16,Carlton,185.0,567,Morris,Carlton Morris,CF
1998-10-21,Hjalmar,187.0,15622,Ekdal,Hjalmar Ekdal,RCB
1988-07-20,Chris,190.0,516,Basham,Chris Basham,RCB
2003-09-04,Malcolm,185.0,7420,Ebiowei,Malcolm Ebiowei,RW
1997-05-11,Max,175.0,1928,Lowe,Max Lowe,LB
1989-06-25,Jack,185.0,497,Cork,Jack Cork,DM
1999-03-26,Anel,190.0,7578,Ahmedhodzic,Anel Ahmedhodzic,RCB
1992-07-17,Adam,185.0,6930,Davies,Adam Davies,GK
2003-08-04,William,186.0,3261,Osula,William Osula,CF
2000-03-25,Conor,177.0,610,Coventry,Conor Coventry,DM
1998-11-07,Arijanet,198.0,7,Muric,Arijanet Muric,GK
1992-07-12,Luke,177.0,7269,Berry,Luke Berry,CM
2001-09-26,João,182.0,430,Pedro,João Pedro,CF
2001-05-04,Rodrigo,186.0,7220,Muniz,Rodrigo Muniz,CF
1992-10-23,Thomas,190.0,7328,Kaminski,Thomas Kaminski,GK
1991-06-16,James,,7243,Shea,James Shea,GK
2000-09-03,Lyle,185.0,15620,Foster,Lyle Foster,CF
2003-01-21,Hannibal,177.0,3263,Mejbri,Hannibal Mejbri,M
1998-02-14,Sander,195.0,524,Berge,Sander Berge,DM
1995-12-05,Timothy,185.0,1960,Castagne,Timothy Castagne,RB
1995-01-11,Joe,185.0,7332,Rothwell,Joe Rothwell,CM
2002-09-14,Joseph,172.0,10679,Hodge,Joseph Hodge,DM
1999-05-18,Mark,191.0,283,Travers,Mark Travers,GK
2003-03-15,Bashir,186.0,14072,Humphreys,Bashir Humphreys,LCB
2002-02-08,Jaden,181.0,3090,Philogene-Bidace,Jaden Philogene-Bidace,LW
2004-11-28,Callum,172.0,26478,Marshall,Callum Marshall,CF
1997-06-24,Gustavo,169.0,7696,Hamer,Gustavo Hamer,DM
2002-10-23,Kaine,175.0,607,Kesler,Kaine Kesler,RB
2003-01-10,Cesare,185.0,15634,Casadei,Cesare Casadei,CM
1998-07-04,Allan,174.0,7247,Campbell,Allan Campbell,CM
2002-07-26,Morgan,187.0,7271,Rogers,Morgan Rogers,LW
1992-08-28,Ui-jo,185.0,4280,Hwang,Ui-jo Hwang,CF
2000-11-07,Anass,176.0,13560,Zaroury,Anass Zaroury,LW
1992-08-08,Kieffer,196.0,7966,Moore,Kieffer Moore,CF
2004-10-03,Alex,175.0,23572,Matos,Alex Matos,AM
1998-10-14,Lewis,173.0,7172,O'Brien,Lewis O'Brien,CM
1995-06-09,Ethan,195.0,7015,Horvath,Ethan Horvath,GK
2004-01-06,Romeo,181.0,6134,Lavia,Romeo Lavia,DM
1988-04-03,Tim,193.0,541,Krul,Tim Krul,GK
2002-01-10,James,184.0,7272,Hill,James Hill,RCB
2004-03-24,Dane,180.0,2137,Scarlett,Dane Scarlett,CF
1996-10-22,Mason,187.0,174,Holgate,Mason Holgate,RCB
1999-12-01,Jaidon,183.0,6996,Anthony,Jaidon Anthony,LW
2004-02-06,Adam,182.0,9332,Wharton,Adam Wharton,CM
2002-11-24,Jay,187.0,1992,Stansfield,Jay Stansfield,CF
2002-12-28,Thomas,180.0,13886,Cannon,Thomas Cannon,CF
2000-07-06,Michael,170.0,404,Obafemi,Michael Obafemi,CF
2001-06-10,Luke,181.0,604,Thomas,Luke Thomas,LB
2003-08-04,Mason,187.0,22076,Burstow,Mason Burstow,CF
1994-06-24,Matt,191.0,940,Turner,Matt Turner,GK
1998-08-12,Auston,190.0,676,Trusty,Auston Trusty,LCB
2001-05-02,Yerson,188.0,5132,Mosquera,Yerson Mosquera,RCB
1992-04-15,Remo,180.0,8328,Freuler,Remo Freuler,CM
2001-04-19,Micky,193.0,6023,van de Ven,Micky van de Ven,LCB
2002-04-30,Teden,186.0,5151,Mengi,Teden Mengi,RCB
1992-06-12,Philippe,172.0,7145,Coutinho,Philippe Coutinho,M
2003-11-03,James,180.0,27724,Sweet,James Sweet,RB
2006-09-26,Myles,178.0,24620,Lewis-Skelly,Myles Lewis-Skelly,DM
1993-12-05,Ross,189.0,102,Barkley,Ross Barkley,CM
1989-09-26,Idrissa,174.0,3858,Gueye,Idrissa Gueye,CM
1995-06-17,Clement,186.0,1508,Lenglet,Clement Lenglet,LCB
1997-12-09,Harvey,182.0,219,Barnes,Harvey Barnes,LW
1995-04-19,Kevin,184.0,4994,Mbabu,Kevin Mbabu,RB
1999-08-20,Joe,186.0,160,Willock,Joe Willock,CM
2004-07-24,Charles,,24487,Sagoe Jr,Charles Sagoe Jr,LW
2000-11-07,Callum,178.0,108,Hudson-Odoi,Callum Hudson-Odoi,LW
2004-09-26,Daniel,,23261,Gore,Daniel Gore,CM
1997-06-25,Rodrigo,187.0,7584,Bentancur,Rodrigo Bentancur,CM
1996-01-01,Mahmoud,178.0,4678,Dahoud,Mahmoud Dahoud,CM
1993-11-11,Jamaal,188.0,319,Lascelles,Jamaal Lascelles,RCB
2005-09-21,Jacob,178.0,27300,Wright,Jacob Wright,CM
1996-12-21,Ben,180.0,207,Chilwell,Ben Chilwell,LB
1995-09-18,Matt,183.0,360,Targett,Matt Targett,LB
1993-06-22,Loris,191.0,34,Karius,Loris Karius,GK
2000-01-12,Sven,195.0,3942,Botman,Sven Botman,LCB
2000-03-25,Jadon,180.0,1331,Sancho,Jadon Sancho,LW
2005-04-28,Rodrigo,185.0,8087,Ribeiro,Rodrigo Ribeiro,CF
2003-11-13,Micah,177.0,24394,Hamilton,Micah Hamilton,AM
2000-04-25,Dejan,186.0,7583,Kulusevski,Dejan Kulusevski,RW
2000-08-02,Mohammed,177.0,8031,Kudus,Mohammed Kudus,AM
2000-02-16,Hamed Junior,177.0,12619,Traore,Hamed Junior Traore,AM
1997-11-14,Christopher,177.0,4909,Nkunku,Christopher Nkunku,AM
1992-02-14,Christian,182.0,7443,Eriksen,Christian Eriksen,CM
1996-08-21,Sofyan,185.0,12586,Amrabat,Sofyan Amrabat,DM
1990-09-19,Kieran,173.0,1377,Trippier,Kieran Trippier,RB
2002-03-10,Ian,178.0,7692,Maatsen,Ian Maatsen,LB
2003-01-02,CJ,183.0,6887,Egan-Riley,CJ Egan-Riley,D
2002-04-27,Anthony,178.0,3112,Elanga,Anthony Elanga,LW
2003-02-04,Rasmus,191.0,13381,Höjlund,Rasmus Höjlund,CF
1996-06-12,Davinson,187.0,65,Sánchez,Davinson Sánchez,RCB
1995-07-09,Joao,190.0,8077,Palhinha,Joao Palhinha,DM
1989-05-16,Felipe,190.0,1370,de Almeida Monteiro,Felipe,RCB
1996-08-14,Joelinton,186.0,346,Cássio Apolinário de Lira,Joelinton,CM
2004-12-16,Reuell,183.0,18202,Walters,Reuell Walters,RCB
1992-12-24,Serge,176.0,72,Aurier,Serge Aurier,RB
1997-03-12,Dean,188.0,509,Henderson,Dean Henderson,GK
1999-05-25,Ibrahima,194.0,5097,Konaté,Ibrahima Konaté,RCB
2004-01-06,Romeo,181.0,6134,Lavia,Romeo Lavia,DM
2003-10-24,Radek,198.0,22759,Vítek,Radek Vítek,GK
1991-09-26,Paul,183.0,321,Dummett,Paul Dummett,LCB
2002-09-01,Ilya,189.0,8355,Zabarnyi,Ilya Zabarnyi,RCB
1999-07-05,Trevoh,192.0,5154,Chalobah,Trevoh Chalobah,RCB
2001-06-18,Gabriel,178.0,162,Martinelli,Gabriel Martinelli,LW
2003-04-04,Harvey,170.0,590,Elliott,Harvey Elliott,AM
2001-04-13,Neco,183.0,589,Williams,Neco Williams,RB
1997-10-08,Ben,186.0,1916,White,Ben White,RB
2004-07-20,Omari,179.0,23953,Forson,Omari Forson,RW
2002-01-23,Josko,185.0,4892,Gvardiol,Josko Gvardiol,LCB
1997-11-26,Aaron,183.0,126,Wan-Bissaka,Aaron Wan-Bissaka,RB
2001-02-24,Anthony,182.0,588,Gordon,Anthony Gordon,LW
1996-03-06,Timo,180.0,1939,Werner,Timo Werner,CF
2002-05-27,Jérémy,173.0,4021,Doku,Jérémy Doku,LW
2005-04-19,Kobbie,175.0,13699,Mainoo,Kobbie Mainoo,CM
2005-01-20,Mahamadou,175.0,24951,Susoho,Mahamadou Susoho,DM
1995-07-12,Luke,178.0,123,Shaw,Luke Shaw,LB
1993-03-15,Diego,185.0,1788,Carlos,Diego Carlos,RCB
1992-04-19,Nick,198.0,485,Pope,Nick Pope,GK
2006-05-01,Lewis,189.0,16789,Miley,Lewis Miley,CM
2003-12-02,Michael,,24564,Ndiweni,Michael Ndiweni,CF
2003-10-19,Joe,188.0,24589,Hugill,Joe Hugill,CF
1998-11-05,Takehiro,188.0,2087,Tomiyasu,Takehiro Tomiyasu,RB
2001-08-16,Amadou,195.0,4498,Onana,Amadou Onana,DM
1997-01-31,Arnaut,178.0,306,Danjuma,Arnaut Danjuma,LW
1999-07-24,Manor,170.0,8660,Solomon,Manor Solomon,LW
2002-07-11,Amad,173.0,2123,Diallo,Amad Diallo,RW
1995-02-24,Jacob,173.0,345,Murphy,Jacob Murphy,RW
1996-04-02,Andre,190.0,8018,Onana,Andre Onana,GK
2000-07-28,Emile,182.0,2118,Smith Rowe,Emile Smith Rowe,AM
2002-05-06,Cole,189.0,596,Palmer,Cole Palmer,AM
1999-12-08,Reece,180.0,97,James,Reece James,RB
1999-10-10,João,192.0,613,Virginia,João Virginia,GK
2001-06-17,Jurrien,179.0,8022,Timber,Jurrien Timber,RCB
2000-10-25,Dominik,187.0,4907,Szoboszlai,Dominik Szoboszlai,CM
1997-05-28,Ionut,188.0,8118,Radu,Ionut Radu,GK
2002-11-06,Elliot,179.0,2126,Anderson,Elliot Anderson,AM
2002-12-22,David Datro,180.0,14236,Fofana,David Datro Fofana,CF
1997-11-16,Bruno,182.0,3924,Guimarães,Bruno Guimarães,DM
1997-12-19,Gabriel,190.0,1894,Magalháes,Gabriel,LCB
1998-01-18,Lisandro,175.0,8023,Martinez,Lisandro Martinez,LCB
1994-12-08,Raheem,170.0,25,Sterling,Raheem Sterling,LW
1997-01-01,Gonzalo,175.0,8419,Montiel,Gonzalo Montiel,RB
1997-05-14,Ruben,187.0,2066,Dias,Ruben Dias,RCB
1994-07-17,Victor,187.0,119,Lindelöf,Victor Lindelöf,RCB
2004-09-08,Lewis,179.0,7070,Hall,Lewis Hall,LB
2003-07-12,Oscar,175.0,22772,Bobb,Oscar Bobb,RW
1994-02-10,Miguel,174.0,340,Almirón,Miguel Almirón,RW
1996-12-08,Scott,191.0,131,McTominay,Scott McTominay,DM
1998-12-17,Martin,178.0,1688,Ödegaard,Martin Ödegaard,AM
2001-03-24,William,192.0,1895,Saliba,William Saliba,RCB
1991-04-11,Thiago,174.0,1893,Alcántara do Nascimento,Thiago,CM
1997-10-24,Edson,190.0,2106,Alvarez,Edson Alvarez,DM
2001-01-30,Curtis,185.0,51,Jones,Curtis Jones,CM
2003-07-09,Conor,181.0,6774,Bradley,Conor Bradley,RB
1996-04-09,Giovani,177.0,77,Lo Celso,Giovani Lo Celso,AM
1997-01-03,Fode,182.0,8584,Ballo-Toure,Fode Ballo-Toure,LB
1991-12-20,Fabian,186.0,320,Schär,Fabian Schär,RCB
1992-11-06,Stefan,185.0,4525,Ortega,Stefan Ortega,GK
1991-12-20,Jorge Luiz,178.0,98,Frello Filho,Jorginho,DM
1999-06-11,Kai,193.0,1937,Havertz,Kai Havertz,AM
2000-05-08,Sandro,181.0,8587,Tonali,Sandro Tonali,DM
1999-02-14,Tyler,175.0,1339,Adams,Tyler Adams,DM
1997-04-18,Donny,184.0,1947,van de Beek,Donny van de Beek,CM
1992-05-09,Dan,201.0,441,Burn,Dan Burn,LB
1998-05-14,Aaron,190.0,281,Ramsdale,Aaron Ramsdale,GK
1997-10-31,Marcus,185.0,136,Rashford,Marcus Rashford,LW
1989-01-15,Martin,191.0,315,Dubravka,Martin Dubravka,GK
1996-11-12,Scott,189.0,7002,McKenna,Scott McKenna,LCB
2002-04-13,Karl,193.0,5158,Hein,Karl Hein,GK
1992-05-24,Marcus,193.0,5083,Bettinelli,Marcus Bettinelli,GK
1999-09-13,Pedro,173.0,8074,Porro,Pedro Porro,RB
1996-06-22,Rodrigo,191.0,18,Hernández Cascante,Rodri,DM
1997-01-16,Pau,192.0,1841,Torres,Pau Torres,LCB
1989-07-19,Norberto,190.0,1506,Neto,Neto,GK
1992-10-02,Alisson,193.0,32,Ramses Becker,Alisson,GK
1992-02-27,Callum,180.0,311,Wilson,Callum Wilson,CF
1985-09-03,Scott,188.0,570,Carson,Scott Carson,GK
2001-12-20,Facundo,175.0,2075,Pellistri,Facundo Pellistri,RW
1997-10-30,Sean,187.0,335,Longstaff,Sean Longstaff,CM
1988-01-03,Jonny,188.0,204,Evans,Jonny Evans,RCB
1994-01-15,Eric,188.0,74,Dier,Eric Dier,RCB
1986-01-04,James,175.0,49,Milner,James Milner,CM
1999-05-27,Matheus,183.0,4850,Cunha,Matheus Cunha,CF
1993-04-25,Raphael,191.0,1675,Varane,Raphael Varane,RCB
2002-10-18,James,180.0,6778,Mcatee,James Mcatee,CM
1995-09-10,Jack,180.0,371,Grealish,Jack Grealish,LW
1996-12-16,Sergio,178.0,1792,Reguilon,Sergio Reguilon,LB
2000-01-31,Julian,170.0,10715,Alvarez,Julian Alvarez,CF
2005-03-10,Ben,,24482,Parkinson,Ben Parkinson,RW
2000-07-21,Erling,195.0,4687,Haaland,Erling Haaland,CF
1998-04-14,Altay,198.0,11931,Bayindir,Altay Bayindir,GK
1993-03-05,Harry,194.0,118,Maguire,Harry Maguire,RCB
2000-09-04,Sergio,171.0,13321,Gómez,Sergio Gómez,LB
1996-12-15,Oleksandr,175.0,15,Zinchenko,Oleksandr Zinchenko,LB
1999-01-10,Mason,181.0,105,Mount,Mason Mount,AM
2002-05-16,Ryan,190.0,8030,Gravenberch,Ryan Gravenberch,CM
1989-02-02,Ivan,186.0,8136,Perisic,Ivan Perisic,M
1991-07-08,Virgil,193.0,37,van Dijk,Virgil van Dijk,RCB
2002-11-13,Giovanni,185.0,4681,Reyna,Giovanni Reyna,AM
2004-07-01,Alejandro,180.0,7832,Garnacho,Alejandro Garnacho,LW
1992-07-11,Mohamed,179.0,1898,Elneny,Mohamed Elneny,DM
2001-09-05,Bukayo,178.0,163,Saka,Bukayo Saka,RW
2003-01-21,Hannibal,177.0,3263,Mejbri,Hannibal Mejbri,M
1994-08-10,Bernardo,173.0,27,Silva,Bernardo Silva,AM
2007-03-21,Ethan,165.0,13578,Nwaneri,Ethan Nwaneri,CM
1995-02-18,Nathan,180.0,284,Aké,Nathan Aké,LCB
1995-09-15,David,183.0,5048,Raya,David Raya,GK
1991-08-08,Joel,195.0,39,Matip,Joel Matip,RCB
1984-09-22,Thiago,181.0,1926,Silva,Thiago Silva,RCB
1997-01-13,Luis,180.0,7444,Díaz,Luis Díaz,LW
1996-09-21,Thilo,186.0,3849,Kehrer,Thilo Kehrer,RCB
1992-05-11,Pablo,174.0,3867,Sarabia,Pablo Sarabia,RW
2000-02-24,Antony,172.0,8039,Matheus dos Santos,Antony,RW
2000-05-28,Phil,171.0,21,Foden,Phil Foden,RW
1994-03-11,Andrew,178.0,41,Robertson,Andrew Robertson,LB
1999-03-26,Anel,190.0,7578,Ahmedhodzic,Anel Ahmedhodzic,RCB
1993-08-17,Ederson,188.0,6,Santana de Moraes,Ederson,GK
1994-04-26,Odysseas,191.0,7991,Vlachodimos,Odysseas Vlachodimos,GK
1991-08-31,Cédric,171.0,390,Soares,Cédric Soares,RB
1998-08-27,Matheus,183.0,8079,Nunes,Matheus Nunes,CM
1999-01-14,Declan,188.0,265,Rice,Declan Rice,DM
1994-12-04,Leandro,172.0,455,Trossard,Leandro Trossard,LW
1987-01-03,Adrian,190.0,33,San Miguel del Castillo,Adrián,GK
1999-05-29,Vitaliy,180.0,7072,Mykolenko,Vitaliy Mykolenko,LB
1998-01-21,Pervis,175.0,1406,Estupinan,Pervis Estupinan,LB
1998-10-07,Trent,180.0,42,Alexander-Arnold,Trent Alexander-Arnold,RB
1990-05-28,Kyle,183.0,16,Walker,Kyle Walker,RB
1992-02-23,Carlos,185.0,1683,Casemiro,Casemiro,DM
1996-12-04,Diogo,178.0,247,Jota,Diogo Jota,LW
1986-04-15,Tom,188.0,350,Heaton,Tom Heaton,GK
1999-09-21,Alexander,192.0,1732,Isak,Alexander Isak,CF
1996-01-18,Ivo,195.0,5199,Grbic,Ivo Grbic,GK
1993-06-13,Thomas,185.0,1380,Partey,Thomas Partey,DM
2004-11-21,Rico,169.0,10717,Lewis,Rico Lewis,RB
1991-06-28,Kevin,181.0,22,De Bruyne,Kevin De Bruyne,AM
1994-05-06,Mateo,177.0,100,Kovacic,Mateo Kovacic,CM
1997-05-23,Joe,188.0,38,Gomez,Joe Gomez,RCB
1999-03-18,Diogo,183.0,127,Dalot,Diogo Dalot,RB
1994-05-27,Aymeric,189.0,9,Laporte,Aymeric Laporte,D
2001-01-05,Mykhaylo,175.0,8661,Mudryk,Mykhaylo Mudryk,LW
1998-11-23,Caoimhin,188.0,35,Kelleher,Caoimhin Kelleher,GK
1999-06-24,Darwin,187.0,8009,Nunez,Darwin Nunez,CF
2002-11-12,Valentino,182.0,3081,Livramento,Valentino Livramento,RB
2000-05-30,Fabio,170.0,8569,Vieira,Fabio Vieira,AM
1995-07-19,Manuel,188.0,4661,Akanji,Manuel Akanji,RCB
1994-09-08,Bruno,179.0,133,Fernandes,Bruno Fernandes,AM
1995-12-02,Kalvin,179.0,2005,Phillips,Kalvin Phillips,DM
2000-02-15,Jakub,189.0,12820,Kiwior,Jakub Kiwior,LCB
1997-04-03,Gabriel,175.0,30,Jesus,Gabriel Jesus,CF
1995-04-18,Divock,189.0,60,Origi,Divock Origi,CF
1992-06-15,Mohamed,175.0,56,Salah,Mohamed Salah,RW
1996-05-12,Konstantinos,179.0,1956,Tsimikas,Kostas Tsimikas,LB
1999-12-10,Reiss,175.0,165,Nelson,Reiss Nelson,RW
1994-05-28,John,188.0,10,Stones,John Stones,RCB
1995-12-05,Anthony,181.0,140,Martial,Anthony Martial,CF
1999-05-30,Eddie,175.0,168,Nketiah,Eddie Nketiah,CF
2004-09-26,Daniel,,23261,Gore,Daniel Gore,CM
2004-06-24,Luke,181.0,10670,Chambers,Luke Chambers,LB
2002-09-23,Cameron,175.0,18746,Peupion,Cameron Peupion,AM
2003-10-19,Joe,188.0,24589,Hugill,Joe Hugill,CF
2002-08-09,Owen,177.0,6775,Beck,Owen Beck,LB
1995-08-03,Charlie,196.0,5055,Goode,Charlie Goode,RCB
2003-06-28,Brandon,179.0,13790,Aguilera,Brandon Aguilera,AM
2003-07-09,Conor,181.0,6774,Bradley,Conor Bradley,RB
2005-03-04,Luke,177.0,10669,Harris,Luke Harris,AM
2004-01-08,Oliver,180.0,8201,Arblaster,Oliver Arblaster,M
2004-04-25,Michael,180.0,18247,Olakigbe,Michael Olakigbe,RW
2004-03-20,Antwoine,177.0,2119,Hackford,Antwoine Hackford,CF
2002-11-24,Jay,187.0,1992,Stansfield,Jay Stansfield,CF
2003-01-29,Jarell,190.0,7050,Quansah,Jarell Quansah,RCB
2001-08-02,Jordan,198.0,9713,Amissah,Jordan Amissah,GK
2002-10-10,James,192.0,6056,Trafford,James Trafford,GK
1997-12-27,Mads,194.0,7035,Andersen,Mads Andersen,RCB
2003-02-05,Imari,187.0,8261,Samuels,Imari Samuels,LB
2000-02-01,Gavin,175.0,6995,Kilkenny,Gavin Kilkenny,CM
2000-03-25,Conor,177.0,610,Coventry,Conor Coventry,DM
2004-08-02,Elijah,182.0,25250,Campbell,Elijah Campbell,RCB
2004-03-24,Dane,180.0,2137,Scarlett,Dane Scarlett,CF
1999-10-15,Ellery,190.0,7819,Balcombe,Ellery Balcombe,GK
2002-10-01,Joe,186.0,6088,White,Joe White,AM
2003-08-04,William,186.0,3261,Osula,William Osula,CF
2003-03-04,Tyler,190.0,6063,Onyango,Tyler Onyango,CM
2002-09-18,Myles,187.0,5071,Peart-Harris,Myles Peart-Harris,AM
2002-10-05,Jesurun,178.0,3199,Rak-Sakyi,Jesurun Rak-Sakyi,RW
2005-11-04,Travis,,19209,Hernes,Travis Hernes,M
2002-09-05,Lucas,205.0,9204,Bergstrom,Lucas Bergstrom,GK
2003-01-03,Lewis,175.0,6571,Dobbin,Lewis Dobbin,LW
1995-03-09,Tom,194.0,10434,King,Tom King,GK
2003-02-13,John-Kymani,181.0,13617,Gordon,John-Kymani Gordon,CF
2002-11-04,Luke,178.0,7114,Plange,Luke Plange,CF
1999-07-23,John,180.0,11051,Mcatee,John Mcatee,CF
2003-09-03,Ademola,195.0,24022,Ola-Adebomi,Ademola Ola-Adebomi,CF
1999-07-23,John,180.0,11051,Mcatee,John Mcatee,CF
1993-11-19,Lawrence,194.0,10759,Vigouroux,Lawrence Vigouroux,GK
2003-10-16,Louie,186.0,15619,Marsh,Louie Marsh,CF
2003-04-24,Filip,195.0,6886,Marshall,Filip Marshall,GK
2002-10-01,Joe,186.0,6088,White,Joe White,AM
2003-10-24,Radek,198.0,22759,Vítek,Radek Vítek,GK
2003-09-22,Harvey,190.0,13770,Griffiths,Harvey Griffiths,DM
2003-11-18,Mauro,178.0,18854,Bandeira,Mauro Bandeira,CM
2003-10-30,Rhys,187.0,14073,Bennett,Rhys Bennett,RCB
2003-02-13,John-Kymani,181.0,13617,Gordon,John-Kymani Gordon,CF
1998-01-21,Pervis,175.0,1406,Estupinan,Pervis Estupinan,LB
1999-09-21,Alexander,192.0,1732,Isak,Alexander Isak,CF
1996-02-22,Pablo,178.0,272,Fornals,Pablo Fornals,AM
1993-06-08,Álex,179.0,1873,Moreno,Álex Moreno,LB
1994-05-05,Javier,178.0,330,Manquillo,Javier Manquillo,RB
2001-05-02,Yerson,188.0,5132,Mosquera,Yerson Mosquera,RCB
1997-01-16,Pau,192.0,1841,Torres,Pau Torres,LCB
1992-02-23,Carlos,185.0,1683,Casemiro,Casemiro,DM
1998-11-09,Santiago,190.0,13130,Bueno,Santiago Bueno,RCB
1989-05-16,Felipe,190.0,1370,de Almeida Monteiro,Felipe,RCB
2001-12-20,Facundo,175.0,2075,Pellistri,Facundo Pellistri,RW
2003-01-21,Hannibal,177.0,3263,Mejbri,Hannibal Mejbri,M
1997-01-31,Arnaut,178.0,306,Danjuma,Arnaut Danjuma,LW
1996-01-18,Ivo,195.0,5199,Grbic,Ivo Grbic,GK
2001-06-20,Nicolas,188.0,13055,Jackson,Nicolas Jackson,CF
1995-09-06,Bertrand,181.0,2054,Traoré,Bertrand Traoré,RW
2003-01-07,Maximo,177.0,15652,Perrone,Maximo Perrone,DM
1999-05-27,Matheus,183.0,4850,Cunha,Matheus Cunha,CF
1992-01-16,Matt,185.0,237,Doherty,Matt Doherty,RB
2001-02-11,Bryan,175.0,1805,Gil,Bryan Gil,RW
2004-09-15,Luca,175.0,13068,Koleosho,Luca Koleosho,LW
1996-04-09,Giovani,177.0,77,Lo Celso,Giovani Lo Celso,AM
1996-12-16,Sergio,178.0,1792,Reguilon,Sergio Reguilon,LB
1999-04-18,Ben,185.0,7335,Brereton,Ben Brereton,LW
1999-05-05,Justin,172.0,4047,Kluivert,Justin Kluivert,LW
1999-06-17,Vinicius,187.0,13015,Souza,Vinicius Souza,DM
2003-03-23,Álvaro,186.0,7860,Carreras,Álvaro Carreras,LB
2002-10-31,Ansu,178.0,1529,Fati,Ansu Fati,LW
1997-01-01,Gonzalo,175.0,8419,Montiel,Gonzalo Montiel,RB
1997-05-10,Enes,187.0,1559,Ünal,Enes Ünal,CF
2003-09-19,Alejo,186.0,14728,Véliz,Alejo Véliz,F
1997-05-28,Ionut,188.0,8118,Radu,Ionut Radu,GK
1995-04-15,Leander,188.0,241,Dendoncker,Leander Dendoncker,DM
2000-02-15,Jakub,189.0,12820,Kiwior,Jakub Kiwior,LCB
1996-08-21,Sofyan,185.0,12586,Amrabat,Sofyan Amrabat,DM
1992-04-15,Remo,180.0,8328,Freuler,Remo Freuler,CM
1996-10-07,Guglielmo,194.0,12785,Vicario,Guglielmo Vicario,GK
1998-06-28,Nicolas,179.0,12746,Dominguez,Nicolas Dominguez,CM
1995-04-18,Divock,189.0,60,Origi,Divock Origi,CF
2002-11-28,Destiny,188.0,12683,Udogie,Destiny Udogie,LB
1998-01-31,Norberto,194.0,12692,Bercique Gomes Betuncal,Beto,CF
1996-08-13,Saša,182.0,12664,Lukić,Saša Lukić,CM
1996-10-08,Ola,184.0,2053,Aina,Ola Aina,RB
1999-07-02,Nicolò,190.0,12541,Zaniolo,Nicolò Zaniolo,AM
2003-02-04,Rasmus,191.0,13381,Höjlund,Rasmus Höjlund,CF
2000-02-16,Hamed Junior,177.0,12619,Traore,Hamed Junior Traore,AM
2000-05-08,Sandro,181.0,8587,Tonali,Sandro Tonali,DM
1996-04-02,Andre,190.0,8018,Onana,Andre Onana,GK
1997-01-03,Fode,182.0,8584,Ballo-Toure,Fode Ballo-Toure,LB
2002-02-03,Radu,191.0,22180,Dragusin,Radu Dragusin,RCB
1998-02-07,Igor Julio,188.0,12577,dos Santos de Paulo,Igor,LCB
2004-10-21,Bradley,185.0,24507,Ibrahim,Bradley Ibrahim,DM
2003-03-15,Bashir,186.0,14072,Humphreys,Bashir Humphreys,LCB
1999-06-11,Kai,193.0,1937,Havertz,Kai Havertz,AM
1996-01-26,Hee-chan,177.0,4915,Hwang,Hee-chan Hwang,CF
2000-02-24,Antony,172.0,8039,Matheus dos Santos,Antony,RW
1996-09-21,Thilo,186.0,3849,Kehrer,Thilo Kehrer,RCB
1997-08-27,Lucas,180.0,3930,Paquetá,Lucas Paquetá,AM
2001-08-16,Amadou,195.0,4498,Onana,Amadou Onana,DM
2001-05-23,Brennan,186.0,7008,Johnson,Brennan Johnson,RW
1992-07-17,Adam,185.0,6930,Davies,Adam Davies,GK
1996-11-23,James,175.0,220,Maddison,James Maddison,AM
1993-03-05,Harry,194.0,118,Maguire,Harry Maguire,RCB
1997-03-22,Harry,173.0,308,Wilson,Harry Wilson,RW
1997-08-07,Matthew,185.0,1896,Cash,Matty Cash,RB
1992-02-14,Christian,182.0,7443,Eriksen,Christian Eriksen,CM
1995-07-19,Manuel,188.0,4661,Akanji,Manuel Akanji,RCB
2002-05-27,Jérémy,173.0,4021,Doku,Jérémy Doku,LW
1991-06-28,Kevin,181.0,22,De Bruyne,Kevin De Bruyne,AM
1996-08-21,Sofyan,185.0,12586,Amrabat,Sofyan Amrabat,DM
1995-04-15,Leander,188.0,241,Dendoncker,Leander Dendoncker,DM
1992-08-28,Ui-jo,185.0,4280,Hwang,Ui-jo Hwang,CF
1994-03-07,Jordan,185.0,169,Pickford,Jordan Pickford,GK
1992-08-08,Kieffer,196.0,7966,Moore,Kieffer Moore,CF
1993-02-09,Wataru,178.0,4928,Endo,Wataru Endo,DM
1991-05-05,Raúl,187.0,252,Jiménez,Raúl Jiménez,CF
1997-10-08,Ben,186.0,1916,White,Ben White,RB
1999-05-07,Cody,193.0,11094,Gakpo,Cody Gakpo,LW
2000-08-02,Mohammed,177.0,8031,Kudus,Mohammed Kudus,AM
1996-01-01,Mathias,180.0,5063,Jensen,Mathias Jensen,CM
1994-09-08,Bruno,179.0,133,Fernandes,Bruno Fernandes,AM
1997-11-05,Chris,190.0,286,Mepham,Chris Mepham,RCB
1995-06-09,Ethan,195.0,7015,Horvath,Ethan Horvath,GK
1993-02-27,Alphonse,195.0,1965,Areola,Alphonse Areola,GK
1992-04-15,Remo,180.0,8328,Freuler,Remo Freuler,CM
1992-04-19,Nick,198.0,485,Pope,Nick Pope,GK
1990-05-28,Kyle,183.0,16,Walker,Kyle Walker,RB
1993-09-06,Saman,175.0,5070,Ghoddos,Saman Ghoddos,AM
2002-09-14,Pape,184.0,4152,Sarr,Pape Sarr,CM
1993-04-24,Ben,181.0,71,Davies,Ben Davies,LB
1999-08-07,Bryan,171.0,5074,Mbeumo,Bryan Mbeumo,RW
1997-06-25,Rodrigo,187.0,7584,Bentancur,Rodrigo Bentancur,CM
1994-09-16,Aleksandar,189.0,1991,Mitrovic,Aleksandar Mitrovic,F
1984-09-22,Thiago,181.0,1926,Silva,Thiago Silva,RCB
2001-12-20,Facundo,175.0,2075,Pellistri,Facundo Pellistri,RW
2000-02-15,Jakub,189.0,12820,Kiwior,Jakub Kiwior,LCB
2000-01-07,Antoine,185.0,7192,Semenyo,Antoine Semenyo,RW
1997-01-03,Fode,182.0,8584,Ballo-Toure,Fode Ballo-Toure,LB
2001-06-20,Nicolas,188.0,13055,Jackson,Nicolas Jackson,CF
1999-06-24,Darwin,187.0,8009,Nunez,Darwin Nunez,CF
1998-10-07,Trent,180.0,42,Alexander-Arnold,Trent Alexander-Arnold,RB
1992-10-02,Alisson,193.0,32,Ramses Becker,Alisson,GK
1987-01-24,Wayne,198.0,462,Hennessey,Wayne Hennessey,GK
1994-12-08,Raheem,170.0,25,Sterling,Raheem Sterling,LW
2001-03-24,William,192.0,1895,Saliba,William Saliba,RCB
1996-08-13,Saša,182.0,12664,Lukić,Saša Lukić,CM
1997-04-03,Gabriel,175.0,30,Jesus,Gabriel Jesus,CF
2000-05-28,Phil,171.0,21,Foden,Phil Foden,RW
1994-05-06,Mateo,177.0,100,Kovacic,Mateo Kovacic,CM
1987-10-05,Tim,186.0,1971,Ream,Tim Ream,LCB
1993-04-25,Raphael,191.0,1675,Varane,Raphael Varane,RCB
1997-08-08,Antonee,183.0,1973,Robinson,Antonee Robinson,LB
1992-05-11,Pablo,174.0,3867,Sarabia,Pablo Sarabia,RW
2003-01-21,Hannibal,177.0,3263,Mejbri,Hannibal Mejbri,M
1999-03-18,Diogo,183.0,127,Dalot,Diogo Dalot,RB
1995-08-05,Pierre-Emile,185.0,395,Höjbjerg,Pierre-Emile Höjbjerg,DM
1994-03-10,Christian,187.0,5065,Nörgaard,Christian Nörgaard,DM
1997-10-31,Marcus,185.0,136,Rashford,Marcus Rashford,LW
1998-01-21,Pervis,175.0,1406,Estupinan,Pervis Estupinan,LB
2002-10-31,Ansu,178.0,1529,Fati,Ansu Fati,LW
1995-12-05,Timothy,185.0,1960,Castagne,Timothy Castagne,RB
2001-04-13,Neco,183.0,589,Williams,Neco Williams,RB
1994-01-15,Eric,188.0,74,Dier,Eric Dier,RCB
1991-12-20,Fabian,186.0,320,Schär,Fabian Schär,RCB
1999-01-10,Mason,181.0,105,Mount,Mason Mount,AM
1997-05-10,Richarlison,184.0,195,de Andrade,Richarlison,CF
1994-08-10,Bernardo,173.0,27,Silva,Bernardo Silva,AM
1995-07-12,Luke,178.0,123,Shaw,Luke Shaw,LB
1989-02-02,Ivan,186.0,8136,Perisic,Ivan Perisic,M
2001-09-05,Bukayo,178.0,163,Saka,Bukayo Saka,RW
2002-01-23,Josko,185.0,4892,Gvardiol,Josko Gvardiol,LCB
2001-01-17,Enzo,178.0,11856,Fernandez,Enzo Fernandez,CM
2001-11-02,Moises,178.0,2134,Caicedo,Moises Caicedo,DM
1994-12-04,Leandro,172.0,455,Trossard,Leandro Trossard,LW
1994-05-28,John,188.0,10,Stones,John Stones,RCB
1994-05-27,Aymeric,189.0,9,Laporte,Aymeric Laporte,D
1997-11-16,Bruno,182.0,3924,Guimarães,Bruno Guimarães,DM
2003-06-28,Brandon,179.0,13790,Aguilera,Brandon Aguilera,AM
1993-06-13,Thomas,185.0,1380,Partey,Thomas Partey,DM
1998-12-24,Alexis,176.0,453,Mac Allister,Alexis Mac Allister,CM
2001-06-18,Gabriel,178.0,162,Martinelli,Gabriel Martinelli,LW
1992-02-27,Callum,180.0,311,Wilson,Callum Wilson,CF
1996-04-02,Andre,190.0,8018,Onana,Andre Onana,GK
2000-09-30,Tariq,163.0,444,Lamptey,Tariq Lamptey,RB
1993-08-17,Ederson,188.0,6,Santana de Moraes,Ederson,GK
1996-03-30,Nayef,190.0,4002,Aguerd,Nayef Aguerd,LCB
1996-05-31,Joachim,192.0,2073,Andersen,Joachim Andersen,RCB
1998-04-27,Cristian,185.0,5116,Romero,Cristian Romero,RCB
1993-01-17,José,192.0,5131,Sá,José Sá,GK
1998-11-05,Takehiro,188.0,2087,Tomiyasu,Takehiro Tomiyasu,RB
1999-02-14,Tyler,175.0,1339,Adams,Tyler Adams,DM
1995-09-10,Jack,180.0,371,Grealish,Jack Grealish,LW
2000-11-07,Anass,176.0,13560,Zaroury,Anass Zaroury,LW
2000-02-06,Conor,182.0,2052,Gallagher,Conor Gallagher,CM
1991-09-11,Jordan,182.0,483,Ayew,Jordan Ayew,CF
1989-09-26,Idrissa,174.0,3858,Gueye,Idrissa Gueye,CM
1995-12-02,Kalvin,179.0,2005,Phillips,Kalvin Phillips,DM
1995-02-18,Nathan,180.0,284,Aké,Nathan Aké,LCB
1998-01-18,Lisandro,175.0,8023,Martinez,Lisandro Martinez,LCB
1998-03-11,Axel,190.0,3878,Disasi,Axel Disasi,RCB
1998-08-27,Matheus,183.0,8079,Nunes,Matheus Nunes,CM
1990-09-19,Kieran,173.0,1377,Trippier,Kieran Trippier,RB
2000-01-31,Julian,170.0,10715,Alvarez,Julian Alvarez,CF
1997-05-14,Ruben,187.0,2066,Dias,Ruben Dias,RCB
1995-09-23,Connor,175.0,6018,Roberts,Connor Roberts,RB
1999-01-14,Declan,188.0,265,Rice,Declan Rice,DM
2001-03-16,Anis,188.0,14030,Slimane,Anis Slimane,CM
1997-10-24,Edson,190.0,2106,Alvarez,Edson Alvarez,DM
1994-06-24,Matt,191.0,940,Turner,Matt Turner,GK
1999-05-25,Ibrahima,194.0,5097,Konaté,Ibrahima Konaté,RCB
1997-05-20,Kaoru,178.0,10704,Mitoma,Kaoru Mitoma,LW
1995-07-09,Joao,190.0,8077,Palhinha,Joao Palhinha,DM
1997-01-01,Gonzalo,175.0,8419,Montiel,Gonzalo Montiel,RB
2002-11-13,Giovanni,185.0,4681,Reyna,Giovanni Reyna,AM
1996-01-18,Ivo,195.0,5199,Grbic,Ivo Grbic,GK
1997-05-07,Youri,177.0,215,Tielemans,Youri Tielemans,CM
1997-11-18,Robert,197.0,1903,Sánchez,Robert Sánchez,GK
1992-07-08,Heung-min,184.0,83,Son,Heung-min Son,LW
2001-06-17,Jurrien,179.0,8022,Timber,Jurrien Timber,RCB
1995-09-15,David,183.0,5048,Raya,David Raya,GK
1992-02-23,Carlos,185.0,1683,Casemiro,Casemiro,DM
1989-12-21,Cheikhou,189.0,474,Kouyaté,Cheikhou Kouyaté,DM
1998-05-14,Aaron,190.0,281,Ramsdale,Aaron Ramsdale,GK
1992-09-02,Emiliano,195.0,144,Martínez,Emiliano Martínez,GK
1997-01-16,Pau,192.0,1841,Torres,Pau Torres,LCB
2000-07-03,Mikkel,180.0,12779,Damsgaard,Mikkel Damsgaard,LW
1994-12-03,Tom,185.0,7654,Lockyer,Tom Lockyer,RCB
1991-07-08,Virgil,193.0,37,van Dijk,Virgil van Dijk,RCB
1996-06-22,Rodrigo,191.0,18,Hernández Cascante,Rodri,DM
2004-07-23,Valentín,170.0,18624,Barco,Valentín Barco,LB
2003-09-19,Alejo,186.0,14728,Véliz,Alejo Véliz,F
2004-05-03,Andrey,180.0,18430,Santos,Andrey Santos,DM
2005-06-05,Deivid,187.0,18305,Washington,Deivid Washington,CF
2002-07-04,Murillo,184.0,18361,Costa dos Santos,Murillo,LCB
2004-04-01,Matheus,184.0,16132,França,Matheus França,AM
1995-03-25,Carlos,190.0,2068,Vinicius,Carlos Vinicius,CF
2000-02-24,Antony,172.0,8039,Matheus dos Santos,Antony,RW
2002-07-19,Fabio,185.0,1905,Silva,Fabio Silva,CF
2003-11-07,Milos,180.0,11128,Kerkez,Milos Kerkez,LB
2002-06-27,Jarrad,195.0,603,Branthwaite,Jarrad Branthwaite,LCB
1999-05-07,Cody,193.0,11094,Gakpo,Cody Gakpo,LW
2000-08-02,Mohammed,177.0,8031,Kudus,Mohammed Kudus,AM
1997-12-02,Ibrahim,191.0,11088,Sangare,Ibrahim Sangare,DM
2001-06-17,Jurrien,179.0,8022,Timber,Jurrien Timber,RCB
2002-03-10,Noni,182.0,11095,Madueke,Noni Madueke,RW
1997-10-24,Edson,190.0,2106,Alvarez,Edson Alvarez,DM
1999-10-10,João,192.0,613,Virginia,João Virginia,GK
1999-12-31,Calvin,185.0,11468,Bassey,Calvin Bassey,LCB
2002-08-09,Owen,177.0,6775,Beck,Owen Beck,LB
2003-03-23,Álvaro,186.0,7860,Carreras,Álvaro Carreras,LB
1998-08-27,Matheus,183.0,8079,Nunes,Matheus Nunes,CM
2005-04-28,Rodrigo,185.0,8087,Ribeiro,Rodrigo Ribeiro,CF
1999-09-13,Pedro,173.0,8074,Porro,Pedro Porro,RB
2001-01-17,Enzo,178.0,11856,Fernandez,Enzo Fernandez,CM
1994-04-26,Odysseas,191.0,7991,Vlachodimos,Odysseas Vlachodimos,GK
2004-05-24,Youssef,192.0,11846,Chermiti,Youssef Chermiti,CF
1992-08-28,Ui-jo,185.0,4280,Hwang,Ui-jo Hwang,CF
1995-03-25,Carlos,190.0,2068,Vinicius,Carlos Vinicius,CF
1997-01-10,Joe,190.0,7003,Worrall,Joe Worrall,RCB
1996-06-12,Davinson,187.0,65,Sánchez,Davinson Sánchez,RCB
1998-04-14,Altay,198.0,11931,Bayindir,Altay Bayindir,GK
1994-03-06,Nathan,173.0,398,Redmond,Nathan Redmond,RW
1995-09-06,Bertrand,181.0,2054,Traoré,Bertrand Traoré,RW
2001-01-17,Enzo,178.0,11856,Fernandez,Enzo Fernandez,CM
1994-04-26,Odysseas,191.0,7991,Vlachodimos,Odysseas Vlachodimos,GK
2005-06-17,Noha,168.0,23367,Lemina,Noha Lemina,AM
1999-05-28,Mike,172.0,19944,Trésor,Mike Trésor,LW
1999-05-17,Daiki,184.0,20212,Hashioka,Daiki Hashioka,RB
1996-05-26,Daniel,181.0,19938,Muñoz,Daniel Muñoz,RB
2003-09-04,Malcolm,185.0,7420,Ebiowei,Malcolm Ebiowei,RW
2003-11-14,Tayo,,7677,Adaramola,Tayo Adaramola,LB
1999-02-28,Hannes,183.0,19998,Delcroix,Hannes Delcroix,LCB
1998-09-08,Steven,180.0,454,Alzate,Steven Alzate,CM
2003-08-09,Jili,182.0,13725,Buyabu,Jili Buyabu,LB
2002-07-19,Fabio,185.0,1905,Silva,Fabio Silva,CF
2002-08-09,Owen,177.0,6775,Beck,Owen Beck,LB
1995-03-09,Emiliano,182.0,6999,Marcondes,Emiliano Marcondes,AM
2004-07-23,Valentín,170.0,18624,Barco,Valentín Barco,LB
2002-07-04,Murillo,184.0,18361,Costa dos Santos,Murillo,LCB
2005-01-20,Enso,169.0,16280,González,Enso González,LW
2004-04-01,Matheus,184.0,16132,França,Matheus França,AM
2002-07-04,Murillo,184.0,18361,Costa dos Santos,Murillo,LCB
2005-06-05,Deivid,187.0,18305,Washington,Deivid Washington,CF
2005-01-20,Enso,169.0,16280,González,Enso González,LW
2004-10-22,Stefan,185.0,10671,Bajcetic,Stefan Bajcetic,DM
2003-09-03,Ben,190.0,24565,Jackson,Ben Jackson,RCB
1995-03-25,Carlos,190.0,2068,Vinicius,Carlos Vinicius,CF
2006-02-18,Lewis,,24626,Orford,Lewis Orford,CM
2004-10-28,Kaelan,185.0,16861,Casey,Kaelan Casey,RCB
1994-07-20,Solly,180.0,452,March,Solly March,RW
2001-05-02,Yerson,188.0,5132,Mosquera,Yerson Mosquera,RCB
1994-11-01,James,177.0,394,Ward-Prowse,James Ward-Prowse,CM
2000-09-30,Tariq,163.0,444,Lamptey,Tariq Lamptey,RB
1986-01-04,James,175.0,49,Milner,James Milner,CM
2003-12-27,Leigh,,24622,Kavanagh,Leigh Kavanagh,RCB
1996-06-12,Davinson,187.0,65,Sánchez,Davinson Sánchez,RCB
2000-06-22,Lorenz,181.0,4011,Assignon,Lorenz Assignon,RB
2000-01-24,Ben,184.0,579,Johnson,Ben Johnson,RB
2004-12-23,Facundo,174.0,15629,Buonanotte,Facundo Buonanotte,AM
1996-05-12,Konstantinos,179.0,1956,Tsimikas,Kostas Tsimikas,LB
2002-05-16,Ryan,190.0,8030,Gravenberch,Ryan Gravenberch,CM
1996-09-21,Thilo,186.0,3849,Kehrer,Thilo Kehrer,RCB
1989-12-15,Aaron,170.0,261,Cresswell,Aaron Cresswell,LB
1997-08-27,Lucas,180.0,3930,Paquetá,Lucas Paquetá,AM
1992-10-02,Alisson,193.0,32,Ramses Becker,Alisson,GK
1996-01-01,Mahmoud,178.0,4678,Dahoud,Mahmoud Dahoud,CM
1990-11-26,Danny,185.0,433,Welbeck,Danny Welbeck,CF
2000-06-08,Jan Paul,189.0,1917,van Hecke,Jan Paul van Hecke,RCB
2003-01-29,Jarell,190.0,7050,Quansah,Jarell Quansah,RCB
2002-10-31,Ansu,178.0,1529,Fati,Ansu Fati,LW
2005-02-07,Bobby,178.0,13289,Clark,Bobby Clark,CM
1990-03-28,Michail,180.0,276,Antonio,Michail Antonio,CF
1998-11-23,Caoimhin,188.0,35,Kelleher,Caoimhin Kelleher,GK
1998-02-07,Igor Julio,188.0,12577,dos Santos de Paulo,Igor,LCB
2005-02-14,Calum,,24324,Scanlon,Calum Scanlon,LB
2000-03-25,Conor,177.0,610,Coventry,Conor Coventry,DM
1987-01-03,Adrian,190.0,33,San Miguel del Castillo,Adrián,GK
2001-06-11,Billy,170.0,103,Gilmour,Billy Gilmour,DM
1997-05-23,Joe,188.0,38,Gomez,Joe Gomez,RCB
1990-08-18,Jason,188.0,437,Steele,Jason Steele,GK
2004-01-03,Carlos,179.0,7803,Baleba,Carlos Baleba,DM
1992-08-22,Vladimir,174.0,2063,Coufal,Vladimir Coufal,RB
2000-06-08,Joseph,190.0,13299,Anang,Joseph Anang,GK
1994-08-03,Emerson,176.0,94,Palmieri dos Santos,Emerson,LB
1998-10-07,Trent,180.0,42,Alexander-Arnold,Trent Alexander-Arnold,RB
1999-04-18,Ben,185.0,7335,Brereton,Ben Brereton,LW
2004-06-24,Luke,181.0,10670,Chambers,Luke Chambers,LB
1992-06-15,Mohamed,175.0,56,Salah,Mohamed Salah,RW
2002-01-01,Simon,175.0,21496,Adingra,Simon Adingra,LW
1997-10-24,Edson,190.0,2106,Alvarez,Edson Alvarez,DM
1991-11-21,Lewis,192.0,438,Dunk,Lewis Dunk,RCB
1994-10-27,Kurt,190.0,91,Zouma,Kurt Zouma,RCB
2005-09-19,Lewis,,24955,Koumas,Lewis Koumas,CF
2006-01-16,Jayden,,28518,Danns,Jayden Danns,CF
1993-02-27,Alphonse,195.0,1965,Areola,Alphonse Areola,GK
1999-05-07,Cody,193.0,11094,Gakpo,Cody Gakpo,LW
2005-04-28,Rodrigo,185.0,8087,Ribeiro,Rodrigo Ribeiro,CF
1998-01-21,Pervis,175.0,1406,Estupinan,Pervis Estupinan,LB
1997-05-20,Kaoru,178.0,10704,Mitoma,Kaoru Mitoma,LW
1997-12-11,Konstantinos,194.0,4922,Mavropanos,Konstantinos Mavropanos,RCB
2004-10-19,Evan,183.0,6889,Ferguson,Evan Ferguson,CF
1995-08-10,Said,172.0,2082,Benrahma,Said Benrahma,LW
2000-10-25,Dominik,187.0,4907,Szoboszlai,Dominik Szoboszlai,CM
1985-04-18,Lukasz,190.0,254,Fabianski,Lukasz Fabianski,GK
1992-07-23,Danny,177.0,402,Ings,Danny Ings,CF
2004-12-15,Joshua,,24403,Duffus,Joshua Duffus,AM
1995-01-04,Adam,190.0,439,Webster,Adam Webster,RCB
1997-01-13,Luis,180.0,7444,Díaz,Luis Díaz,LW
1999-07-02,Nicolò,190.0,12541,Zaniolo,Nicolò Zaniolo,AM
1991-08-08,Joel,195.0,39,Matip,Joel Matip,RCB
1996-03-30,Nayef,190.0,4002,Aguerd,Nayef Aguerd,LCB
1996-02-22,Pablo,178.0,272,Fornals,Pablo Fornals,AM
1991-06-15,Pascal,181.0,448,Groß,Pascal Groß,CM
2005-11-11,Ben,173.0,13887,Doak,Ben Doak,RW
2000-08-02,Mohammed,177.0,8031,Kudus,Mohammed Kudus,AM
2005-12-12,Oliver,,24627,Scarles,Oliver Scarles,LB
1993-02-09,Wataru,178.0,4928,Endo,Wataru Endo,DM
2003-04-04,Harvey,170.0,590,Elliott,Harvey Elliott,AM
1988-05-10,Adam,172.0,52,Lallana,Adam Lallana,AM
1995-12-02,Kalvin,179.0,2005,Phillips,Kalvin Phillips,DM
2003-07-09,Conor,181.0,6774,Bradley,Conor Bradley,RB
2003-03-23,Álvaro,186.0,7860,Carreras,Álvaro Carreras,LB
1999-06-24,Darwin,187.0,8009,Nunez,Darwin Nunez,CF
2004-01-23,Julio,173.0,10749,Enciso,Julio Enciso,CF
1996-12-20,Jarrod,175.0,274,Bowen,Jarrod Bowen,RW
1994-03-11,Andrew,178.0,41,Robertson,Andrew Robertson,LB
1996-09-27,Maxwel,179.0,3918,Cornet,Maxwel Cornet,LW
2002-08-18,Bart,194.0,21495,Verbruggen,Bart Verbruggen,GK
1999-05-25,Ibrahima,194.0,5097,Konaté,Ibrahima Konaté,RCB
1995-02-27,Tomas,192.0,266,Soucek,Tomas Soucek,DM
2002-12-20,Marcelo,193.0,6893,Pitaluga,Marcelo,GK
2004-09-13,James,,22077,McConnell,James McConnell,CM
1999-04-07,Jakub,191.0,2140,Moder,Jakub Moder,CM
1988-05-23,Angelo,191.0,259,Ogbonna,Angelo Ogbonna,LCB
1991-07-08,Virgil,193.0,37,van Dijk,Virgil van Dijk,RCB
1998-12-24,Alexis,176.0,453,Mac Allister,Alexis Mac Allister,CM
1992-01-15,Joël,184.0,1904,Veltman,Joël Veltman,RB
2001-01-30,Curtis,185.0,51,Jones,Curtis Jones,CM
2001-09-26,João,182.0,430,Pedro,João Pedro,CF
2002-09-23,Cameron,175.0,18746,Peupion,Cameron Peupion,AM
2004-09-05,George,,29048,Earthy,George Earthy,CM
2003-09-28,Fabian,192.0,24081,Mrozek,Fabian Mrozek,GK
2002-07-19,Fabio,185.0,1905,Silva,Fabio Silva,CF
1996-12-04,Diogo,178.0,247,Jota,Diogo Jota,LW
2005-04-11,Jack,182.0,14098,Hinshelwood,Jack Hinshelwood,DM
2004-01-09,Benicio,,24537,Baker-Boaitey,Benicio Baker-Boaitey,LW
2004-10-25,Divin,183.0,14071,Mubama,Divin Mubama,CF
2004-10-05,Kaide,173.0,6776,Gordon,Kaide Gordon,F
2005-01-20,Enso,169.0,16280,González,Enso González,LW
2004-07-23,Valentín,170.0,18624,Barco,Valentín Barco,LB
1992-08-28,Ui-jo,185.0,4280,Hwang,Ui-jo Hwang,CF
